2025-10-08 12:22:10,323 - INFO - 870484000;0;0;0.0;0.0;0.0;0.0;0.0;0.0;0.0;0.0;0
2025-10-08 12:22:11,324 - INFO - 871484000;0;0;0.0;0.0;0.0;0.0;0.0;0.0;0.0;0.0;0
2025-10-08 12:22:12,325 - INFO - 872484000;0;0;0.0;0.0;0.0;0.0;0.0;0.0;0.0;0.0;0
2025-10-08 12:22:13,327 - INFO - 873484000;0;0;0.0;0.0;0.0;0.0;0.0;0.0;0.0;0.0;0
2025-10-08 12:22:14,329 - INFO - 874484000;0;2;0.0;21.0;6.0;0.0;0.0;0.0;0.0;0.0;0
2025-10-08 12:22:15,331 - INFO - 875484000;0;2;0.0;21.0;6.0;0.0;0.0;0.0;0.0;0.0;0
2025-10-08 12:22:16,332 - INFO - 876484000;0;2;0.0;20.0;6.0;0.0;0.0;0.0;0.0;0.0;0
2025-10-08 12:22:17,334 - INFO - 877484000;0;2;0.0;20.0;6.0;0.0;0.0;0.0;0.0;0.0;0
2025-10-08 12:22:18,336 - INFO - 878484000;0;2;0.0;21.0;6.0;0.0;0.0;0.0;0.0;0.0;0
2025-10-08 12:22:19,337 - INFO - 879484000;0;2;0.0;20.0;6.0;0.0;0.0;0.0;0.0;0.0;0
2025-10-08 12:22:20,339 - INFO - 880484000;0;2;0.0;20.0;6.0;0.0;0.0;0.0;0.0;0.0;0
2025-10-08 12:22:21,340 - INFO - 881484000;0;2;0.0;20.0;6.0;0.0;0.0;0.0;0.0;0.0;0
2025-10-08 12:22:22,342 - INFO - 882484000;0;2;0.0;20.0;6.0;0.0;0.0;0.0;0.0;0.0;0
2025-10-08 12:22:23,344 - INFO - 883484000;0;2;0.0;21.0;6.0;0.0;0.0;0.0;0.0;0.0;0
2025-10-08 12:22:24,345 - INFO - 884484000;0;2;0.0;20.0;6.0;0.0;0.0;0.0;0.0;0.0;0
2025-10-08 12:22:25,347 - INFO - 885484000;0;2;0.0;20.0;6.0;0.0;0.0;0.0;0.0;0.0;0
2025-10-08 12:22:26,349 - INFO - 886484000;0;2;0.0;21.0;6.0;0.0;0.0;0.0;0.0;0.0;0
2025-10-08 12:22:30,560 - INFO - 890484000;0;0;0.0;0.0;0.0;0.0;0.0;0.0;0.0;0.0;0
2025-10-08 12:22:31,357 - INFO - 891484000;0;0;0.0;0.0;0.0;0.0;0.0;0.0;0.0;0.0;0
2025-10-08 12:22:32,359 - INFO - 892484000;0;0;0.0;0.0;0.0;0.0;0.0;0.0;0.0;0.0;0
2025-10-08 12:22:33,360 - INFO - 893484000;0;0;0.0;0.0;0.0;0.0;0.0;0.0;0.0;0.0;0
2025-10-08 12:22:34,362 - INFO - 894484000;0;0;0.0;0.0;0.0;0.0;0.0;0.0;0.0;0.0;0
2025-10-08 12:22:35,364 - INFO - 895484000;0;0;0.0;0.0;0.0;0.0;0.0;0.0;0.0;0.0;0
2025-10-08 12:22:36,365 - INFO - 896484000;0;0;0.0;0.0;0.0;0.0;0.0;0.0;0.0;0.0;0
2025-10-08 12:22:37,367 - INFO - 897484000;0;2;0.0;21.0;6.0;0.0;0.0;0.0;0.0;0.0;0
2025-10-08 12:22:38,369 - INFO - 898484000;0;2;0.0;20.0;6.0;0.0;0.0;0.0;0.0;0.0;0
2025-10-08 12:22:39,370 - INFO - 899484000;0;2;0.0;20.0;6.0;0.0;0.0;0.0;0.0;0.0;0
2025-10-08 12:22:40,372 - INFO - 900484000;0;2;0.0;20.0;6.0;0.0;0.0;0.0;0.0;0.0;0
2025-10-08 12:22:41,374 - INFO - 901484000;0;2;0.0;20.0;6.0;0.0;0.0;0.0;0.0;0.0;0
2025-10-08 12:22:42,375 - INFO - 902484000;0;2;0.0;21.0;6.0;0.0;0.0;0.0;0.0;0.0;0
2025-10-08 12:22:43,377 - INFO - 903484000;0;2;0.0;20.0;6.0;0.0;0.0;0.0;0.0;0.0;0
2025-10-08 12:22:44,379 - INFO - 904484000;0;2;0.0;20.0;6.0;0.0;0.0;0.0;0.0;0.0;0
2025-10-08 12:22:45,381 - INFO - 905484000;0;2;0.0;20.0;6.0;0.0;0.0;0.0;0.0;0.0;0
2025-10-08 12:22:46,383 - INFO - 906484000;0;2;0.0;20.0;6.0;0.0;0.0;0.0;0.0;0.0;0
2025-10-08 12:22:47,388 - INFO - 907484000;0;2;0.0;21.0;6.0;0.0;0.0;0.0;0.0;0.0;0
2025-10-08 12:22:48,387 - INFO - 908484000;0;2;0.0;21.0;6.0;0.0;0.0;0.0;0.0;0.0;0
2025-10-08 12:22:49,387 - INFO - 909484000;0;2;0.0;21.0;6.0;0.0;0.0;0.0;0.0;0.0;0
2025-10-08 12:22:50,388 - INFO - 910484000;0;2;0.0;21.0;6.0;0.0;0.0;0.0;0.0;0.0;0
2025-10-08 12:22:51,391 - INFO - 911484000;0;2;0.0;21.0;6.0;0.0;0.0;0.0;0.0;0.0;0
2025-10-08 12:22:56,962 - INFO - 916484000;0;0;0.0;0.0;0.0;0.0;0.0;0.0;0.0;0.0;0
2025-10-08 12:22:57,399 - INFO - 917484000;0;0;0.0;0.0;0.0;0.0;0.0;0.0;0.0;0.0;0
2025-10-08 12:22:58,401 - INFO - 918484000;0;0;0.0;0.0;0.0;0.0;0.0;0.0;0.0;0.0;0
2025-10-08 12:22:59,404 - INFO - 919484000;0;0;0.0;0.0;0.0;0.0;0.0;0.0;0.0;0.0;0
2025-10-08 12:23:00,407 - INFO - 920484000;0;2;0.0;21.0;6.0;0.0;0.0;0.0;0.0;0.0;0
2025-10-08 12:23:01,408 - INFO - 921484000;0;2;0.0;21.0;6.0;0.0;0.0;0.0;0.0;0.0;0
2025-10-08 12:23:02,409 - INFO - 922484000;0;2;0.0;21.0;6.0;0.0;0.0;0.0;0.0;0.0;0
2025-10-08 12:23:03,410 - INFO - 923484000;0;2;0.0;21.0;6.0;0.0;0.0;0.0;0.0;0.0;0
2025-10-08 12:23:04,411 - INFO - 924484000;0;2;0.0;21.0;6.0;0.0;0.0;0.0;0.0;0.0;0
2025-10-08 12:23:05,412 - INFO - 925484000;0;2;0.0;21.0;6.0;0.0;0.0;0.0;0.0;0.0;0
2025-10-08 12:23:06,414 - INFO - 926484000;0;2;0.0;21.0;6.0;0.0;0.0;0.0;0.0;0.0;0
2025-10-08 12:23:07,416 - INFO - 927484000;0;2;0.0;21.0;6.0;0.0;0.0;0.0;0.0;0.0;0
2025-10-08 12:23:08,417 - INFO - 928484000;0;2;0.0;21.0;6.0;0.0;0.0;0.0;0.0;0.0;0
2025-10-08 12:23:09,419 - INFO - 929484000;0;2;0.0;21.0;6.0;0.0;0.0;0.0;0.0;0.0;0
2025-10-08 12:23:10,421 - INFO - 930484000;0;2;0.0;20.0;6.0;0.0;0.0;0.0;0.0;0.0;0
2025-10-08 12:23:11,422 - INFO - 931484000;0;2;0.0;21.0;6.0;0.0;0.0;0.0;0.0;0.0;0
2025-10-08 12:23:15,354 - INFO - 934484000;0;0;0.0;0.0;0.0;0.0;0.0;0.0;0.0;0.0;0
2025-10-08 12:23:15,429 - INFO - 935484000;0;0;0.0;0.0;0.0;0.0;0.0;0.0;0.0;0.0;0
2025-10-08 12:23:16,431 - INFO - 936484000;0;0;0.0;0.0;0.0;0.0;0.0;0.0;0.0;0.0;0
2025-10-08 12:23:17,433 - INFO - 937484000;0;0;0.0;0.0;0.0;0.0;0.0;0.0;0.0;0.0;0
2025-10-08 12:23:18,434 - INFO - 938484000;0;0;0.0;0.0;0.0;0.0;0.0;0.0;0.0;0.0;0
2025-10-08 12:23:19,440 - INFO - 939484000;0;0;0.0;0.0;0.0;0.0;0.0;0.0;0.0;0.0;0
2025-10-08 12:23:20,438 - INFO - 940484000;0;0;0.0;0.0;0.0;0.0;0.0;0.0;0.0;0.0;0
2025-10-08 12:23:21,441 - INFO - 941484000;0;0;0.0;0.0;0.0;0.0;0.0;0.0;0.0;0.0;0
2025-10-08 12:23:22,443 - INFO - 942484000;0;0;0.0;0.0;0.0;0.0;0.0;0.0;0.0;0.0;0
2025-10-08 12:23:23,442 - INFO - 943484000;0;0;0.0;0.0;0.0;0.0;0.0;0.0;0.0;0.0;0
2025-10-08 12:23:24,444 - INFO - 944484000;0;2;0.0;21.0;6.0;0.0;0.0;0.0;0.0;0.0;0
2025-10-08 12:23:25,446 - INFO - 945484000;0;2;0.0;21.0;6.0;0.0;0.0;0.0;0.0;0.0;0
2025-10-08 12:23:26,447 - INFO - 946484000;0;2;0.0;21.0;6.0;0.0;0.0;0.0;0.0;0.0;0
2025-10-08 12:23:27,449 - INFO - 947484000;0;2;0.0;21.0;6.0;0.0;0.0;0.0;0.0;0.0;0
2025-10-08 12:23:28,451 - INFO - 948484000;0;2;0.0;21.0;6.0;0.0;0.0;0.0;0.0;0.0;0
2025-10-08 12:23:29,452 - INFO - 949484000;0;2;0.0;21.0;6.0;0.0;0.0;0.0;0.0;0.0;0
2025-10-08 12:23:30,454 - INFO - 950484000;0;2;0.0;21.0;6.0;0.0;0.0;0.0;0.0;0.0;0
2025-10-08 12:23:31,455 - INFO - 951484000;0;2;0.0;21.0;6.0;0.0;0.0;0.0;0.0;0.0;0
2025-10-08 12:23:32,457 - INFO - 952484000;0;2;0.0;20.0;6.0;0.0;0.0;0.0;0.0;0.0;0
2025-10-08 12:23:33,459 - INFO - 953484000;0;2;0.0;20.0;6.0;0.0;0.0;0.0;0.0;0.0;0
2025-10-08 12:23:34,460 - INFO - 954484000;0;2;0.0;21.0;6.0;0.0;0.0;0.0;0.0;0.0;0
2025-10-08 12:23:35,462 - INFO - 955484000;0;2;0.0;20.0;6.0;0.0;0.0;0.0;0.0;0.0;0
2025-10-08 12:23:36,464 - INFO - 956484000;0;2;0.0;20.0;6.0;0.0;0.0;0.0;0.0;0.0;0
2025-10-08 12:23:37,465 - INFO - 957484000;0;2;0.0;21.0;6.0;0.0;0.0;0.0;0.0;0.0;0
2025-10-08 12:23:38,467 - INFO - 958484000;0;2;0.0;21.0;6.0;0.0;0.0;0.0;0.0;0.0;0
2025-10-08 12:23:39,473 - INFO - 959484000;0;2;0.0;20.0;6.0;0.0;0.0;0.0;0.0;0.0;0
2025-10-08 12:23:40,471 - INFO - 960484000;0;2;0.0;21.0;6.0;0.0;0.0;0.0;0.0;0.0;0
2025-10-08 12:23:41,475 - INFO - 961484000;0;2;0.0;20.0;6.0;0.0;0.0;0.0;0.0;0.0;0
2025-10-08 12:23:42,475 - INFO - 962484000;0;2;0.0;20.0;6.0;0.0;0.0;0.0;0.0;0.0;0
2025-10-08 12:23:43,476 - INFO - 963484000;0;2;0.0;21.0;6.0;0.0;0.0;0.0;0.0;0.0;0
2025-10-08 12:23:44,477 - INFO - 964484000;0;2;0.0;21.0;6.0;0.0;0.0;0.0;0.0;0.0;0
2025-10-08 12:23:45,479 - INFO - 965484000;0;2;0.0;21.0;6.0;0.0;0.0;0.0;0.0;0.0;0
2025-10-08 12:23:46,480 - INFO - 966484000;0;2;0.0;21.0;6.0;0.0;0.0;0.0;0.0;0.0;0
2025-10-08 12:23:47,482 - INFO - 967484000;0;2;0.0;20.0;6.0;0.0;0.0;0.0;0.0;0.0;0
2025-10-08 12:23:48,483 - INFO - 968484000;0;2;0.0;21.0;6.0;0.0;0.0;0.0;0.0;0.0;0
2025-10-08 12:23:49,485 - INFO - 969484000;0;2;0.0;21.0;6.0;0.0;0.0;0.0;0.0;0.0;0
2025-10-08 12:23:50,487 - INFO - 970484000;0;2;0.0;20.0;6.0;0.0;0.0;0.0;0.0;0.0;0
2025-10-08 12:23:51,489 - INFO - 971484000;0;2;0.0;21.0;6.0;0.0;0.0;0.0;0.0;0.0;0
2025-10-08 12:23:52,490 - INFO - 972484000;0;2;0.0;20.0;6.0;0.0;0.0;0.0;0.0;0.0;0
2025-10-08 12:23:53,491 - INFO - 973484000;0;2;0.0;21.0;6.0;0.0;0.0;0.0;0.0;0.0;0
2025-10-08 12:23:54,493 - INFO - 974484000;0;2;0.0;20.0;6.0;0.0;0.0;0.0;0.0;0.0;0
2025-10-08 12:23:55,495 - INFO - 975484000;0;2;0.0;21.0;6.0;0.0;0.0;0.0;0.0;0.0;0
2025-10-08 12:23:56,496 - INFO - 976484000;0;2;0.0;21.0;6.0;0.0;0.0;0.0;0.0;0.0;0
2025-10-08 12:23:57,498 - INFO - 977484000;0;2;0.0;21.0;6.0;0.0;0.0;0.0;0.0;0.0;0
2025-10-08 12:23:58,500 - INFO - 978484000;0;2;0.0;21.0;6.0;0.0;0.0;0.0;0.0;0.0;0
2025-10-08 12:23:59,501 - INFO - 979484000;0;2;0.0;21.0;6.0;0.0;0.0;0.0;0.0;0.0;0
2025-10-08 12:24:00,504 - INFO - 980484000;0;2;0.0;21.0;6.0;0.0;0.0;0.0;0.0;0.0;0
2025-10-08 12:24:01,507 - INFO - 981484000;0;2;0.0;21.0;6.0;0.0;0.0;0.0;0.0;0.0;0
2025-10-08 12:24:02,507 - INFO - 982484000;0;2;0.0;20.0;6.0;0.0;0.0;0.0;0.0;0.0;0
2025-10-08 12:24:03,509 - INFO - 983484000;0;2;0.0;20.0;6.0;0.0;0.0;0.0;0.0;0.0;0
2025-10-08 12:24:04,510 - INFO - 984484000;0;2;0.0;21.0;6.0;0.0;0.0;0.0;0.0;0.0;0
2025-10-08 12:24:05,511 - INFO - 985484000;0;2;0.0;21.0;6.0;0.0;0.0;0.0;0.0;0.0;0
2025-10-08 12:24:06,513 - INFO - 986484000;0;2;0.0;20.0;6.0;0.0;0.0;0.0;0.0;0.0;0
2025-10-08 12:24:07,515 - INFO - 987484000;0;2;0.0;21.0;6.0;0.0;0.0;0.0;0.0;0.0;0
2025-10-08 12:24:08,517 - INFO - 988484000;0;2;0.0;21.0;6.0;0.0;0.0;0.0;0.0;0.0;0
2025-10-08 12:24:09,518 - INFO - 989484000;0;2;0.0;21.0;6.0;0.0;0.0;0.0;0.0;0.0;0
2025-10-08 12:24:10,519 - INFO - 990484000;0;2;0.0;20.0;6.0;0.0;0.0;0.0;0.0;0.0;0
2025-10-08 12:24:11,521 - INFO - 991484000;0;2;0.0;20.0;6.0;0.0;0.0;0.0;0.0;0.0;0
2025-10-08 12:24:12,523 - INFO - 992484000;0;2;0.0;20.0;6.0;0.0;0.0;0.0;0.0;0.0;0
2025-10-08 12:24:13,524 - INFO - 993484000;0;2;0.0;20.0;6.0;0.0;0.0;0.0;0.0;0.0;0
2025-10-08 12:24:14,526 - INFO - 994484000;0;2;0.0;21.0;6.0;0.0;0.0;0.0;0.0;0.0;0
2025-10-08 12:24:15,527 - INFO - 995484000;0;2;0.0;21.0;6.0;0.0;0.0;0.0;0.0;0.0;0
2025-10-08 12:24:16,529 - INFO - 996484000;0;2;0.0;21.0;6.0;0.0;0.0;0.0;0.0;0.0;0
2025-10-08 12:24:17,531 - INFO - 997484000;0;2;0.0;20.0;6.0;0.0;0.0;0.0;0.0;0.0;0
2025-10-08 12:24:18,532 - INFO - 998484000;0;2;0.0;20.0;6.0;0.0;0.0;0.0;0.0;0.0;0
2025-10-08 12:24:19,534 - INFO - 999484000;0;2;0.0;21.0;6.0;0.0;0.0;0.0;0.0;0.0;0
2025-10-08 12:24:20,536 - INFO - 1000484000;0;2;0.0;21.0;6.0;0.0;0.0;0.0;0.0;0.0;0
2025-10-08 12:24:21,538 - INFO - 1001484000;0;2;0.0;21.0;6.0;0.0;0.0;0.0;0.0;0.0;0
2025-10-08 12:24:22,540 - INFO - 1002484000;0;2;0.0;21.0;6.0;0.0;0.0;0.0;0.0;0.0;0
2025-10-08 12:24:23,542 - INFO - 1003484000;0;2;0.0;21.0;6.0;0.0;0.0;0.0;0.0;0.0;0
2025-10-08 12:24:24,543 - INFO - 1004484000;0;2;0.0;20.0;6.0;0.0;0.0;0.0;0.0;0.0;0
2025-10-08 12:24:25,544 - INFO - 1005484000;0;2;0.0;21.0;6.0;0.0;0.0;0.0;0.0;0.0;0
2025-10-08 12:24:26,546 - INFO - 1006484000;0;2;0.0;21.0;6.0;0.0;0.0;0.0;0.0;0.0;0
2025-10-08 12:24:27,547 - INFO - 1007484000;0;2;0.0;21.0;6.0;0.0;0.0;0.0;0.0;0.0;0
2025-10-08 12:24:28,549 - INFO - 1008484000;0;2;0.0;21.0;6.0;0.0;0.0;0.0;0.0;0.0;0
2025-10-08 12:24:29,551 - INFO - 1009484000;0;2;0.0;21.0;6.0;0.0;0.0;0.0;0.0;0.0;0
2025-10-08 12:24:30,552 - INFO - 1010484000;0;2;0.0;20.0;6.0;0.0;0.0;0.0;0.0;0.0;0
2025-10-08 12:24:31,554 - INFO - 1011484000;0;2;0.0;20.0;6.0;0.0;0.0;0.0;0.0;0.0;0
2025-10-08 12:24:32,556 - INFO - 1012484000;0;2;0.0;20.0;6.0;0.0;0.0;0.0;0.0;0.0;0
2025-10-08 12:24:33,557 - INFO - 1013484000;0;2;0.0;21.0;6.0;0.0;0.0;0.0;0.0;0.0;0
2025-10-08 12:24:34,558 - INFO - 1014484000;0;2;0.0;20.0;6.0;0.0;0.0;0.0;0.0;0.0;0
2025-10-08 12:24:35,560 - INFO - 1015484000;0;2;0.0;20.0;6.0;0.0;0.0;0.0;0.0;0.0;0
2025-10-08 12:24:36,562 - INFO - 1016484000;0;2;0.0;20.0;6.0;0.0;0.0;0.0;0.0;0.0;0
2025-10-08 12:24:37,564 - INFO - 1017484000;0;2;0.0;21.0;6.0;0.0;0.0;0.0;0.0;0.0;0
2025-10-08 12:24:38,565 - INFO - 1018484000;0;2;0.0;21.0;6.0;0.0;0.0;0.0;0.0;0.0;0
2025-10-08 12:24:39,567 - INFO - 1019484000;0;2;0.0;21.0;6.0;0.0;0.0;0.0;0.0;0.0;0
2025-10-08 12:24:40,571 - INFO - 1020484000;0;2;0.0;21.0;6.0;0.0;0.0;0.0;0.0;0.0;0
2025-10-08 12:24:41,572 - INFO - 1021484000;0;2;0.0;21.0;6.0;0.0;0.0;0.0;0.0;0.0;0
2025-10-08 12:24:42,576 - INFO - 1022484000;0;2;0.0;21.0;6.0;0.0;0.0;0.0;0.0;0.0;0
2025-10-08 12:24:43,575 - INFO - 1023484000;0;2;0.0;21.0;6.0;0.0;0.0;0.0;0.0;0.0;0
2025-10-08 12:24:44,576 - INFO - 1024484000;0;2;0.0;20.0;6.0;0.0;0.0;0.0;0.0;0.0;0
2025-10-08 12:24:45,577 - INFO - 1025484000;0;2;0.0;20.0;6.0;0.0;0.0;0.0;0.0;0.0;0
2025-10-08 12:24:46,579 - INFO - 1026484000;0;2;0.0;21.0;6.0;0.0;0.0;0.0;0.0;0.0;0
2025-10-08 12:24:47,580 - INFO - 1027484000;0;2;0.0;21.0;6.0;0.0;0.0;0.0;0.0;0.0;0
2025-10-08 12:24:48,582 - INFO - 1028484000;0;2;0.0;20.0;6.0;0.0;0.0;0.0;0.0;0.0;0
2025-10-08 12:24:49,583 - INFO - 1029484000;0;2;0.0;21.0;6.0;0.0;0.0;0.0;0.0;0.0;0
2025-10-08 12:24:50,585 - INFO - 1030484000;0;2;0.0;20.0;6.0;0.0;0.0;0.0;0.0;0.0;0
2025-10-08 12:24:51,587 - INFO - 1031484000;0;2;0.0;20.0;6.0;0.0;0.0;0.0;0.0;0.0;0
2025-10-08 12:24:52,588 - INFO - 1032484000;0;2;0.0;21.0;6.0;0.0;0.0;0.0;0.0;0.0;0
2025-10-08 12:24:53,590 - INFO - 1033484000;0;2;0.0;21.0;6.0;0.0;0.0;0.0;0.0;0.0;0
2025-10-08 12:24:54,591 - INFO - 1034484000;0;2;0.0;20.0;6.0;0.0;0.0;0.0;0.0;0.0;0
2025-10-08 12:24:55,593 - INFO - 1035484000;0;2;0.0;21.0;6.0;0.0;0.0;0.0;0.0;0.0;0
2025-10-08 12:24:56,595 - INFO - 1036484000;0;2;0.0;21.0;6.0;0.0;0.0;0.0;0.0;0.0;0
2025-10-08 12:24:57,597 - INFO - 1037484000;0;2;0.0;21.0;6.0;0.0;0.0;0.0;0.0;0.0;0
2025-10-08 12:24:58,598 - INFO - 1038484000;0;2;0.0;21.0;6.0;0.0;0.0;0.0;0.0;0.0;0
2025-10-08 12:24:59,599 - INFO - 1039484000;0;2;0.0;21.0;6.0;0.0;0.0;0.0;0.0;0.0;0
2025-10-08 12:25:00,601 - INFO - 1040484000;0;2;0.0;21.0;6.0;0.0;0.0;0.0;0.0;0.0;0
2025-10-08 12:25:01,604 - INFO - 1041484000;0;2;0.0;21.0;6.0;0.0;0.0;0.0;0.0;0.0;0
2025-10-08 12:25:02,607 - INFO - 1042484000;0;2;0.0;21.0;6.0;0.0;0.0;0.0;0.0;0.0;0
2025-10-08 12:25:03,606 - INFO - 1043484000;0;2;0.0;21.0;6.0;0.0;0.0;0.0;0.0;0.0;0
2025-10-08 12:25:04,610 - INFO - 1044484000;0;2;0.0;20.0;6.0;0.0;0.0;0.0;0.0;0.0;0
2025-10-08 12:25:05,610 - INFO - 1045484000;0;2;0.0;21.0;6.0;0.0;0.0;0.0;0.0;0.0;0
2025-10-08 12:25:06,612 - INFO - 1046484000;0;2;0.0;21.0;6.0;0.0;0.0;0.0;0.0;0.0;0
2025-10-08 12:25:07,613 - INFO - 1047484000;0;2;0.0;20.0;6.0;0.0;0.0;0.0;0.0;0.0;0
2025-10-08 12:25:08,614 - INFO - 1048484000;0;2;0.0;21.0;6.0;0.0;0.0;0.0;0.0;0.0;0
2025-10-08 12:25:09,616 - INFO - 1049484000;0;2;0.0;21.0;6.0;0.0;0.0;0.0;0.0;0.0;0
2025-10-08 12:25:10,617 - INFO - 1050484000;0;2;0.0;21.0;6.0;0.0;0.0;0.0;0.0;0.0;0
2025-10-08 12:25:15,714 - INFO - 1055484000;0;0;0.0;0.0;0.0;0.0;0.0;0.0;0.0;0.0;0
2025-10-08 12:25:16,627 - INFO - 1056484000;0;0;0.0;0.0;0.0;0.0;0.0;0.0;0.0;0.0;0
2025-10-08 12:25:17,629 - INFO - 1057484000;0;2;0.0;21.0;0.0;0.0;0.0;0.0;0.0;0.0;0
2025-10-08 12:25:18,631 - INFO - 1058484000;0;2;0.0;21.0;6.0;0.0;0.0;0.0;0.0;0.0;0
2025-10-08 12:25:19,632 - INFO - 1059484000;0;2;0.0;21.0;6.0;0.0;0.0;0.0;0.0;0.0;0
2025-10-08 12:25:20,634 - INFO - 1060484000;0;2;0.0;21.0;6.0;0.0;0.0;0.0;0.0;0.0;0
2025-10-08 12:25:21,635 - INFO - 1061484000;0;2;0.0;21.0;6.0;0.0;0.0;0.0;0.0;0.0;0
2025-10-08 12:25:22,637 - INFO - 1062484000;0;2;0.0;21.0;6.0;0.0;0.0;0.0;0.0;0.0;0
2025-10-08 12:25:23,639 - INFO - 1063484000;0;2;0.0;21.0;6.0;0.0;0.0;0.0;0.0;0.0;0
2025-10-08 12:25:24,640 - INFO - 1064484000;0;2;0.0;21.0;6.0;0.0;0.0;0.0;0.0;0.0;0
2025-10-08 12:25:25,642 - INFO - 1065484000;0;2;0.0;21.0;6.0;0.0;0.0;0.0;0.0;0.0;0
2025-10-08 12:25:26,644 - INFO - 1066484000;0;2;0.0;21.0;6.0;0.0;0.0;0.0;0.0;0.0;0
2025-10-08 12:25:27,645 - INFO - 1067484000;0;2;0.0;21.0;6.0;0.0;0.0;0.0;0.0;0.0;0
2025-10-08 12:25:28,647 - INFO - 1068484000;0;2;0.0;21.0;6.0;0.0;0.0;0.0;0.0;0.0;0
2025-10-08 12:25:29,651 - INFO - 1069484000;0;2;0.0;21.0;6.0;0.0;0.0;0.0;0.0;0.0;0
2025-10-08 12:25:30,652 - INFO - 1070484000;0;2;0.0;21.0;6.0;0.0;0.0;0.0;0.0;0.0;0
2025-10-08 12:25:31,653 - INFO - 1071484000;0;2;0.0;21.0;6.0;0.0;0.0;0.0;0.0;0.0;0
2025-10-08 12:25:32,656 - INFO - 1072484000;0;2;0.0;21.0;6.0;0.0;0.0;0.0;0.0;0.0;0
2025-10-08 12:25:33,656 - INFO - 1073484000;0;2;0.0;21.0;6.0;0.0;0.0;0.0;0.0;0.0;0
2025-10-08 12:25:34,660 - INFO - 1074484000;0;2;0.0;21.0;6.0;0.0;0.0;0.0;0.0;0.0;0
2025-10-08 12:25:35,659 - INFO - 1075484000;0;2;0.0;21.0;6.0;0.0;0.0;0.0;0.0;0.0;0
2025-10-08 12:25:36,661 - INFO - 1076484000;0;2;0.0;21.0;6.0;0.0;0.0;0.0;0.0;0.0;0
2025-10-08 12:25:37,662 - INFO - 1077484000;0;2;0.0;21.0;6.0;0.0;0.0;0.0;0.0;0.0;0
2025-10-08 12:25:38,664 - INFO - 1078484000;0;2;0.0;21.0;6.0;0.0;0.0;0.0;0.0;0.0;0
2025-10-08 12:25:39,665 - INFO - 1079484000;0;2;0.0;21.0;6.0;0.0;0.0;0.0;0.0;0.0;0
2025-10-08 12:25:40,667 - INFO - 1080484000;0;2;0.0;21.0;6.0;0.0;0.0;0.0;0.0;0.0;0
2025-10-08 12:25:45,923 - INFO - 1085484000;0;0;0.0;0.0;0.0;0.0;0.0;0.0;0.0;0.0;0
2025-10-08 12:25:46,677 - INFO - 1086484000;0;0;0.0;0.0;0.0;0.0;0.0;0.0;0.0;0.0;0
2025-10-08 12:25:47,678 - INFO - 1087484000;0;0;0.0;0.0;0.0;0.0;0.0;0.0;0.0;0.0;0
2025-10-08 12:25:48,680 - INFO - 1088484000;0;2;0.0;20.0;6.0;0.0;0.0;0.0;0.0;0.0;0
2025-10-08 12:25:49,682 - INFO - 1089484000;0;2;0.0;20.0;6.0;0.0;0.0;0.0;0.0;0.0;0
2025-10-08 12:25:50,683 - INFO - 1090484000;0;2;0.0;20.0;6.0;0.0;0.0;0.0;0.0;0.0;0
2025-10-08 12:25:51,685 - INFO - 1091484000;0;2;0.0;21.0;6.0;0.0;0.0;0.0;0.0;0.0;0
2025-10-08 12:25:52,686 - INFO - 1092484000;0;2;0.0;20.0;6.0;0.0;0.0;0.0;0.0;0.0;0
2025-10-08 12:25:53,688 - INFO - 1093484000;0;2;0.0;21.0;6.0;0.0;0.0;0.0;0.0;0.0;0
2025-10-08 12:25:54,690 - INFO - 1094484000;0;2;0.0;21.0;6.0;0.0;0.0;0.0;0.0;0.0;0
2025-10-08 12:25:55,691 - INFO - 1095484000;0;2;0.0;20.0;6.0;0.0;0.0;0.0;0.0;0.0;0
2025-10-08 12:25:56,693 - INFO - 1096484000;0;2;0.0;20.0;6.0;0.0;0.0;0.0;0.0;0.0;0
2025-10-08 12:25:57,694 - INFO - 1097484000;0;2;0.0;21.0;6.0;0.0;0.0;0.0;0.0;0.0;0
2025-10-08 12:25:58,696 - INFO - 1098484000;0;2;0.0;20.0;6.0;0.0;0.0;0.0;0.0;0.0;0
2025-10-08 12:25:59,698 - INFO - 1099484000;0;2;0.0;20.0;6.0;0.0;0.0;0.0;0.0;0.0;0
2025-10-08 12:26:00,700 - INFO - 1100484000;0;2;0.0;21.0;6.0;0.0;0.0;0.0;0.0;0.0;0
2025-10-08 12:26:01,702 - INFO - 1101484000;0;2;0.0;21.0;6.0;0.0;0.0;0.0;0.0;0.0;0
2025-10-08 12:26:02,703 - INFO - 1102484000;0;2;0.0;21.0;6.0;0.0;0.0;0.0;0.0;0.0;0
2025-10-08 12:26:03,705 - INFO - 1103484000;0;2;0.0;21.0;6.0;0.0;0.0;0.0;0.0;0.0;0
2025-10-08 12:26:04,707 - INFO - 1104484000;0;2;0.0;21.0;6.0;0.0;0.0;0.0;0.0;0.0;0
2025-10-08 12:26:05,707 - INFO - 1105484000;0;2;0.0;21.0;6.0;0.0;0.0;0.0;0.0;0.0;0
2025-10-08 12:26:06,709 - INFO - 1106484000;0;2;0.0;20.0;6.0;0.0;0.0;0.0;0.0;0.0;0
2025-10-08 12:26:07,711 - INFO - 1107484000;0;2;0.0;21.0;6.0;0.0;0.0;0.0;0.0;0.0;0
2025-10-08 12:26:08,712 - INFO - 1108484000;0;2;0.0;21.0;6.0;0.0;0.0;0.0;0.0;0.0;0
2025-10-08 12:26:09,714 - INFO - 1109484000;0;2;0.0;21.0;6.0;0.0;0.0;0.0;0.0;0.0;0
2025-10-08 12:26:10,716 - INFO - 1110484000;0;2;0.0;20.0;6.0;0.0;0.0;0.0;0.0;0.0;0
2025-10-08 12:26:11,717 - INFO - 1111484000;0;2;0.0;21.0;6.0;0.0;0.0;0.0;0.0;0.0;0
2025-10-08 12:26:12,719 - INFO - 1112484000;0;2;0.0;20.0;6.0;0.0;0.0;0.0;0.0;0.0;0
2025-10-08 12:26:13,720 - INFO - 1113484000;0;2;0.0;21.0;6.0;0.0;0.0;0.0;0.0;0.0;0
2025-10-08 12:26:14,722 - INFO - 1114484000;0;2;0.0;20.0;6.0;0.0;0.0;0.0;0.0;0.0;0
2025-10-08 12:26:15,724 - INFO - 1115484000;0;2;0.0;20.0;6.0;0.0;0.0;0.0;0.0;0.0;0
2025-10-08 12:26:16,725 - INFO - 1116484000;0;2;0.0;21.0;6.0;0.0;0.0;0.0;0.0;0.0;0
2025-10-08 12:26:17,727 - INFO - 1117484000;0;2;0.0;21.0;6.0;0.0;0.0;0.0;0.0;0.0;0
2025-10-08 12:26:18,729 - INFO - 1118484000;0;2;0.0;21.0;6.0;0.0;0.0;0.0;0.0;0.0;0
2025-10-08 12:26:19,731 - INFO - 1119484000;0;2;0.0;21.0;6.0;0.0;0.0;0.0;0.0;0.0;0
2025-10-08 12:26:20,732 - INFO - 1120484000;0;2;0.0;20.0;6.0;0.0;0.0;0.0;0.0;0.0;0
2025-10-08 12:26:21,735 - INFO - 1121484000;0;2;0.0;21.0;6.0;0.0;0.0;0.0;0.0;0.0;0
2025-10-08 12:26:22,737 - INFO - 1122484000;0;2;0.0;21.0;6.0;0.0;0.0;0.0;0.0;0.0;0
2025-10-08 12:26:23,739 - INFO - 1123484000;0;2;0.0;20.0;6.0;0.0;0.0;0.0;0.0;0.0;0
2025-10-08 12:26:24,741 - INFO - 1124484000;0;2;0.0;21.0;6.0;0.0;0.0;0.0;0.0;0.0;0
2025-10-08 12:26:25,740 - INFO - 1125484000;0;2;0.0;20.0;6.0;0.0;0.0;0.0;0.0;0.0;0
2025-10-08 12:26:26,742 - INFO - 1126484000;0;2;0.0;21.0;6.0;0.0;0.0;0.0;0.0;0.0;0
2025-10-08 12:26:27,743 - INFO - 1127484000;0;2;0.0;21.0;6.0;0.0;0.0;0.0;0.0;0.0;0
2025-10-08 12:26:28,745 - INFO - 1128484000;0;2;0.0;21.0;6.0;0.0;0.0;0.0;0.0;0.0;0
2025-10-08 12:26:29,747 - INFO - 1129484000;0;2;0.0;21.0;6.0;0.0;0.0;0.0;0.0;0.0;0
2025-10-08 12:26:30,748 - INFO - 1130484000;0;2;0.0;21.0;6.0;0.0;0.0;0.0;0.0;0.0;0
2025-10-08 12:26:31,750 - INFO - 1131484000;0;2;0.0;21.0;6.0;0.0;0.0;0.0;0.0;0.0;0
2025-10-08 12:26:32,752 - INFO - 1132484000;0;2;0.0;20.0;6.0;0.0;0.0;0.0;0.0;0.0;0
2025-10-08 12:26:33,753 - INFO - 1133484000;0;2;0.0;21.0;6.0;0.0;0.0;0.0;0.0;0.0;0
2025-10-08 12:26:34,754 - INFO - 1134484000;0;2;0.0;21.0;6.0;0.0;0.0;0.0;0.0;0.0;0
2025-10-08 12:26:35,756 - INFO - 1135484000;0;2;0.0;21.0;6.0;0.0;0.0;0.0;0.0;0.0;0
2025-10-08 12:26:36,758 - INFO - 1136484000;0;2;0.0;21.0;6.0;0.0;0.0;0.0;0.0;0.0;0
2025-10-08 12:26:37,760 - INFO - 1137484000;0;2;0.0;21.0;6.0;0.0;0.0;0.0;0.0;0.0;0
2025-10-08 12:26:38,761 - INFO - 1138484000;0;2;0.0;21.0;6.0;0.0;0.0;0.0;0.0;0.0;0
2025-10-08 12:30:38,363 - INFO - 17517000;0;0;0.0;0.0;0.0;0.0;0.0;0.0;0.0;0.0;0
2025-10-08 12:30:39,351 - INFO - 18517000;0;2;0.0;19.0;6.0;0.0;0.0;0.0;0.0;0.0;0
2025-10-08 12:30:40,352 - INFO - 19517000;0;2;0.0;20.0;6.0;0.0;0.0;0.0;0.0;0.0;0
2025-10-08 12:30:41,357 - INFO - 20517000;0;2;0.0;20.0;6.0;0.0;0.0;0.0;0.0;0.0;0
2025-10-08 12:30:42,356 - INFO - 21517000;0;2;0.0;20.0;6.0;0.0;0.0;0.0;0.0;0.0;0
2025-10-08 12:30:43,357 - INFO - 22517000;0;2;0.0;20.0;6.0;0.0;0.0;0.0;0.0;0.0;0
2025-10-08 12:30:44,356 - INFO - 23517000;0;2;0.0;20.0;6.0;0.0;0.0;0.0;0.0;0.0;0
2025-10-08 12:30:45,360 - INFO - 24517000;0;2;0.0;20.0;6.0;0.0;0.0;0.0;0.0;0.0;0
2025-10-08 12:30:46,367 - INFO - 25517000;0;2;0.0;20.0;6.0;0.0;0.0;0.0;0.0;0.0;0
2025-10-08 12:30:47,363 - INFO - 26517000;0;2;0.0;20.0;6.0;0.0;0.0;0.0;0.0;0.0;0
2025-10-08 12:30:48,364 - INFO - 27517000;0;2;0.0;20.0;6.0;0.0;0.0;0.0;0.0;0.0;0
2025-10-08 12:30:49,369 - INFO - 28517000;0;2;0.0;20.0;6.0;0.0;0.0;0.0;0.0;0.0;0
2025-10-08 12:30:50,373 - INFO - 29517000;0;2;0.0;20.0;6.0;0.0;0.0;0.0;0.0;0.0;0
2025-10-08 12:30:51,370 - INFO - 30517000;0;2;0.0;20.0;6.0;0.0;0.0;0.0;0.0;0.0;0
2025-10-08 12:30:52,377 - INFO - 31517000;0;2;0.0;20.0;6.0;0.0;0.0;0.0;0.0;0.0;0
2025-10-08 12:30:53,371 - INFO - 32517000;0;2;0.0;20.0;6.0;0.0;0.0;0.0;0.0;0.0;0
2025-10-08 12:30:54,376 - INFO - 33517000;0;2;0.0;20.0;6.0;0.0;0.0;0.0;0.0;0.0;0
2025-10-08 12:30:55,378 - INFO - 34517000;0;2;0.0;20.0;6.0;0.0;0.0;0.0;0.0;0.0;0
2025-10-08 12:30:56,379 - INFO - 35517000;0;2;0.0;20.0;6.0;0.0;0.0;0.0;0.0;0.0;0
2025-10-08 12:30:57,380 - INFO - 36517000;0;2;0.0;20.0;6.0;0.0;0.0;0.0;0.0;0.0;0
2025-10-08 12:30:58,387 - INFO - 37517000;0;2;0.0;20.0;6.0;0.0;0.0;0.0;0.0;0.0;0
2025-10-08 12:30:59,385 - INFO - 38517000;0;2;0.0;20.0;6.0;0.0;0.0;0.0;0.0;0.0;0
2025-10-08 12:31:00,394 - INFO - 39517000;0;2;0.0;20.0;6.0;0.0;0.0;0.0;0.0;0.0;0
2025-10-08 12:31:01,385 - INFO - 40517000;0;2;0.0;20.0;6.0;0.0;0.0;0.0;0.0;0.0;0
2025-10-08 12:31:02,385 - INFO - 41517000;0;2;0.0;20.0;6.0;0.0;0.0;0.0;0.0;0.0;0
2025-10-08 12:34:11,617 - INFO - 42517000;0;2;0.0;20.0;6.0;0.0;0.0;0.0;0.0;0.0;0
2025-10-08 12:34:12,617 - INFO - 43517000;0;2;0.0;20.0;6.0;0.0;0.0;0.0;0.0;0.0;0
2025-10-08 12:34:13,617 - INFO - 44517000;0;2;0.0;20.0;6.0;0.0;0.0;0.0;0.0;0.0;0
2025-10-08 12:34:14,623 - INFO - 45517000;0;2;0.0;20.0;6.0;0.0;0.0;0.0;0.0;0.0;0
2025-10-08 12:34:15,624 - INFO - 46517000;0;2;0.0;20.0;6.0;0.0;0.0;0.0;0.0;0.0;0
2025-10-08 12:34:16,629 - INFO - 47517000;0;2;0.0;21.0;6.0;0.0;0.0;0.0;0.0;0.0;0
2025-10-08 12:34:17,626 - INFO - 48517000;0;2;0.0;20.0;6.0;0.0;0.0;0.0;0.0;0.0;0
2025-10-08 12:34:18,633 - INFO - 49517000;0;2;0.0;21.0;6.0;0.0;0.0;0.0;0.0;0.0;0
2025-10-08 12:34:19,629 - INFO - 50517000;0;2;0.0;21.0;6.0;0.0;0.0;0.0;0.0;0.0;0
2025-10-08 12:34:20,631 - INFO - 51517000;0;2;0.0;20.0;6.0;0.0;0.0;0.0;0.0;0.0;0
2025-10-08 12:34:21,628 - INFO - 52517000;0;2;0.0;20.0;6.0;0.0;0.0;0.0;0.0;0.0;0
2025-10-08 12:34:22,639 - INFO - 53517000;0;2;0.0;20.0;6.0;0.0;0.0;0.0;0.0;0.0;0
2025-10-08 12:34:23,637 - INFO - 54517000;0;2;0.0;21.0;6.0;0.0;0.0;0.0;0.0;0.0;0
2025-10-08 12:34:24,643 - INFO - 55517000;0;2;0.0;21.0;6.0;0.0;0.0;0.0;0.0;0.0;0
2025-10-08 12:34:25,639 - INFO - 56517000;0;2;0.0;20.0;6.0;0.0;0.0;0.0;0.0;0.0;0
2025-10-08 12:34:26,655 - INFO - 57517000;0;2;0.0;20.0;6.0;0.0;0.0;0.0;0.0;0.0;0
2025-10-08 12:34:27,640 - INFO - 58517000;0;2;0.0;20.0;6.0;0.0;0.0;0.0;0.0;0.0;0
2025-10-08 12:34:28,646 - INFO - 59517000;0;2;0.0;20.0;6.0;0.0;0.0;0.0;0.0;0.0;0
2025-10-08 12:34:29,653 - INFO - 60517000;0;2;0.0;21.0;6.0;0.0;0.0;0.0;0.0;0.0;0
2025-10-08 12:34:30,657 - INFO - 61517000;0;2;0.0;21.0;6.0;0.0;0.0;0.0;0.0;0.0;0
2025-10-08 12:34:31,655 - INFO - 62517000;0;2;0.0;20.0;6.0;0.0;0.0;0.0;0.0;0.0;0
2025-10-08 12:34:32,653 - INFO - 63517000;0;2;0.0;20.0;6.0;0.0;0.0;0.0;0.0;0.0;0
2025-10-08 12:34:33,655 - INFO - 64517000;0;2;0.0;21.0;6.0;0.0;0.0;0.0;0.0;0.0;0
2025-10-08 12:34:34,655 - INFO - 65517000;0;2;0.0;20.0;6.0;0.0;0.0;0.0;0.0;0.0;0
2025-10-08 12:34:35,665 - INFO - 66517000;0;2;0.0;20.0;6.0;0.0;0.0;0.0;0.0;0.0;0
2025-10-08 12:34:36,684 - INFO - 67517000;0;2;0.0;21.0;6.0;0.0;0.0;0.0;0.0;0.0;0
2025-10-08 12:34:37,662 - INFO - 68517000;0;2;0.0;20.0;6.0;0.0;0.0;0.0;0.0;0.0;0
2025-10-08 12:34:38,662 - INFO - 69517000;0;2;0.0;20.0;6.0;0.0;0.0;0.0;0.0;0.0;0
2025-10-08 12:34:39,664 - INFO - 70517000;0;2;0.0;21.0;6.0;0.0;0.0;0.0;0.0;0.0;0
2025-10-08 12:34:40,665 - INFO - 71517000;0;2;0.0;21.0;6.0;0.0;0.0;0.0;0.0;0.0;0
2025-10-08 12:34:41,667 - INFO - 72517000;0;2;0.0;20.0;6.0;0.0;0.0;0.0;0.0;0.0;0
2025-10-08 12:34:42,668 - INFO - 73517000;0;2;0.0;20.0;6.0;0.0;0.0;0.0;0.0;0.0;0
2025-10-08 12:34:43,666 - INFO - 74517000;0;2;0.0;20.0;6.0;0.0;0.0;0.0;0.0;0.0;0
2025-10-08 12:34:44,669 - INFO - 75517000;0;2;0.0;21.0;6.0;0.0;0.0;0.0;0.0;0.0;0
2025-10-08 12:34:45,672 - INFO - 76517000;0;2;0.0;20.0;6.0;0.0;0.0;0.0;0.0;0.0;0
2025-10-08 12:34:46,674 - INFO - 77517000;0;2;0.0;20.0;6.0;0.0;0.0;0.0;0.0;0.0;0
2025-10-08 12:34:47,674 - INFO - 78517000;0;2;0.0;20.0;6.0;0.0;0.0;0.0;0.0;0.0;0
2025-10-08 12:34:48,683 - INFO - 79517000;0;2;0.0;20.0;6.0;0.0;0.0;0.0;0.0;0.0;0
2025-10-08 12:34:49,681 - INFO - 80517000;0;2;0.0;21.0;6.0;0.0;0.0;0.0;0.0;0.0;0
2025-10-08 12:34:50,679 - INFO - 81517000;0;2;0.0;20.0;6.0;0.0;0.0;0.0;0.0;0.0;0
2025-10-08 12:34:51,684 - INFO - 82517000;0;2;0.0;20.0;6.0;0.0;0.0;0.0;0.0;0.0;0
2025-10-08 12:34:52,690 - INFO - 83517000;0;2;0.0;21.0;6.0;0.0;0.0;0.0;0.0;0.0;0
2025-10-08 12:34:53,683 - INFO - 84517000;0;2;0.0;20.0;6.0;0.0;0.0;0.0;0.0;0.0;0
2025-10-08 12:34:54,695 - INFO - 85517000;0;2;0.0;21.0;6.0;0.0;0.0;0.0;0.0;0.0;0
2025-10-08 12:34:55,696 - INFO - 86517000;0;2;0.0;20.0;6.0;0.0;0.0;0.0;0.0;0.0;0
2025-10-08 12:34:56,693 - INFO - 87517000;0;2;0.0;20.0;6.0;0.0;0.0;0.0;0.0;0.0;0
2025-10-08 12:34:57,696 - INFO - 88517000;0;2;0.0;20.0;6.0;0.0;0.0;0.0;0.0;0.0;0
2025-10-08 12:34:58,696 - INFO - 89517000;0;2;0.0;21.0;6.0;0.0;0.0;0.0;0.0;0.0;0
2025-10-08 12:34:59,698 - INFO - 90517000;0;2;0.0;21.0;6.0;0.0;0.0;0.0;0.0;0.0;0
2025-10-08 12:35:00,700 - INFO - 91517000;0;2;0.0;21.0;6.0;0.0;0.0;0.0;0.0;0.0;0
2025-10-08 12:35:01,702 - INFO - 92517000;0;2;0.0;21.0;6.0;0.0;0.0;0.0;0.0;0.0;0
2025-10-08 12:35:02,707 - INFO - 93517000;0;2;0.0;20.0;6.0;0.0;0.0;0.0;0.0;0.0;0
2025-10-08 12:35:03,709 - INFO - 94517000;0;2;0.0;21.0;6.0;0.0;0.0;0.0;0.0;0.0;0
2025-10-08 12:35:04,704 - INFO - 95517000;0;2;0.0;21.0;6.0;0.0;0.0;0.0;0.0;0.0;0
2025-10-08 12:35:05,715 - INFO - 96517000;0;2;0.0;20.0;6.0;0.0;0.0;0.0;0.0;0.0;0
2025-10-08 12:35:06,709 - INFO - 97517000;0;2;0.0;21.0;6.0;0.0;0.0;0.0;0.0;0.0;0
2025-10-08 12:35:07,716 - INFO - 98517000;0;2;0.0;21.0;6.0;0.0;0.0;0.0;0.0;0.0;0
2025-10-08 12:35:08,717 - INFO - 99517000;0;2;0.0;20.0;6.0;0.0;0.0;0.0;0.0;0.0;0
2025-10-08 12:35:09,715 - INFO - 100517000;0;2;0.0;21.0;6.0;0.0;0.0;0.0;0.0;0.0;0
2025-10-08 12:35:10,716 - INFO - 101517000;0;2;0.0;21.0;6.0;0.0;0.0;0.0;0.0;0.0;0
2025-10-08 12:35:11,718 - INFO - 102517000;0;2;0.0;21.0;6.0;0.0;0.0;0.0;0.0;0.0;0
2025-10-08 12:35:12,717 - INFO - 103517000;0;2;0.0;21.0;6.0;0.0;0.0;0.0;0.0;0.0;0
2025-10-08 12:35:13,721 - INFO - 104517000;0;2;0.0;20.0;6.0;0.0;0.0;0.0;0.0;0.0;0
2025-10-08 12:35:14,721 - INFO - 105517000;0;2;0.0;20.0;6.0;0.0;0.0;0.0;0.0;0.0;0
2025-10-08 12:35:15,729 - INFO - 106517000;0;2;0.0;20.0;6.0;0.0;0.0;0.0;0.0;0.0;0
2025-10-08 12:35:16,724 - INFO - 107517000;0;2;0.0;21.0;6.0;0.0;0.0;0.0;0.0;0.0;0
2025-10-08 12:35:17,724 - INFO - 108517000;0;2;0.0;20.0;6.0;0.0;0.0;0.0;0.0;0.0;0
2025-10-08 12:35:18,728 - INFO - 109517000;0;2;0.0;21.0;6.0;0.0;0.0;0.0;0.0;0.0;0
2025-10-08 12:35:19,735 - INFO - 110517000;0;2;0.0;21.0;6.0;0.0;0.0;0.0;0.0;0.0;0
2025-10-08 12:35:20,730 - INFO - 111517000;0;2;0.0;20.0;6.0;0.0;0.0;0.0;0.0;0.0;0
2025-10-08 12:35:21,746 - INFO - 112517000;0;2;0.0;20.0;6.0;0.0;0.0;0.0;0.0;0.0;0
2025-10-08 12:35:22,729 - INFO - 113517000;0;2;0.0;21.0;6.0;0.0;0.0;0.0;0.0;0.0;0
2025-10-08 12:35:23,734 - INFO - 114517000;0;2;0.0;20.0;6.0;0.0;0.0;0.0;0.0;0.0;0
2025-10-08 12:35:24,740 - INFO - 115517000;0;2;0.0;21.0;6.0;0.0;0.0;0.0;0.0;0.0;0
2025-10-08 12:35:25,740 - INFO - 116517000;0;2;0.0;20.0;6.0;0.0;0.0;0.0;0.0;0.0;0
2025-10-08 12:35:26,747 - INFO - 117517000;0;2;0.0;21.0;6.0;0.0;0.0;0.0;0.0;0.0;0
2025-10-08 12:35:27,755 - INFO - 118517000;0;2;0.0;21.0;6.0;0.0;0.0;0.0;0.0;0.0;0
2025-10-08 12:35:28,742 - INFO - 119517000;0;2;0.0;21.0;6.0;0.0;0.0;0.0;0.0;0.0;0
2025-10-08 12:35:29,759 - INFO - 120517000;0;2;0.0;20.0;6.0;0.0;0.0;0.0;0.0;0.0;0
2025-10-08 12:35:30,750 - INFO - 121517000;0;2;0.0;21.0;6.0;0.0;0.0;0.0;0.0;0.0;0
2025-10-08 12:35:31,758 - INFO - 122517000;0;2;0.0;20.0;6.0;0.0;0.0;0.0;0.0;0.0;0
2025-10-08 12:35:32,751 - INFO - 123517000;0;2;0.0;20.0;6.0;0.0;0.0;0.0;0.0;0.0;0
2025-10-08 12:35:33,767 - INFO - 124517000;0;2;0.0;20.0;6.0;0.0;0.0;0.0;0.0;0.0;0
2025-10-08 12:35:34,757 - INFO - 125517000;0;2;0.0;21.0;6.0;0.0;0.0;0.0;0.0;0.0;0
2025-10-08 12:35:35,758 - INFO - 126517000;0;2;0.0;21.0;6.0;0.0;0.0;0.0;0.0;0.0;0
2025-10-08 12:35:36,774 - INFO - 127517000;0;2;0.0;21.0;6.0;0.0;0.0;0.0;0.0;0.0;0
2025-10-08 12:35:37,762 - INFO - 128517000;0;2;0.0;20.0;6.0;0.0;0.0;0.0;0.0;0.0;0
2025-10-08 12:35:38,763 - INFO - 129517000;0;2;0.0;21.0;6.0;0.0;0.0;0.0;0.0;0.0;0
2025-10-08 12:35:39,763 - INFO - 130517000;0;2;0.0;20.0;6.0;0.0;0.0;0.0;0.0;0.0;0
2025-10-08 12:35:40,765 - INFO - 131517000;0;2;0.0;20.0;6.0;0.0;0.0;0.0;0.0;0.0;0
2025-10-08 12:35:41,767 - INFO - 132517000;0;2;0.0;20.0;6.0;0.0;0.0;0.0;0.0;0.0;0
2025-10-08 12:35:42,769 - INFO - 133517000;0;2;0.0;21.0;6.0;0.0;0.0;0.0;0.0;0.0;0
2025-10-08 12:35:43,771 - INFO - 134517000;0;2;0.0;20.0;6.0;0.0;0.0;0.0;0.0;0.0;0
2025-10-08 12:35:44,773 - INFO - 135517000;0;2;0.0;20.0;6.0;0.0;0.0;0.0;0.0;0.0;0
2025-10-08 12:35:45,778 - INFO - 136517000;0;2;0.0;21.0;6.0;0.0;0.0;0.0;0.0;0.0;0
2025-10-08 12:35:46,780 - INFO - 137517000;0;2;0.0;20.0;6.0;0.0;0.0;0.0;0.0;0.0;0
2025-10-08 12:35:47,790 - INFO - 138517000;0;2;0.0;21.0;6.0;0.0;0.0;0.0;0.0;0.0;0
2025-10-08 12:35:48,775 - INFO - 139517000;0;2;0.0;21.0;6.0;0.0;0.0;0.0;0.0;0.0;0
2025-10-08 12:35:49,778 - INFO - 140517000;0;2;0.0;21.0;6.0;0.0;0.0;0.0;0.0;0.0;0
2025-10-08 12:35:50,783 - INFO - 141517000;0;2;0.0;20.0;6.0;0.0;0.0;0.0;0.0;0.0;0
2025-10-08 12:35:51,783 - INFO - 142517000;0;2;0.0;20.0;6.0;0.0;0.0;0.0;0.0;0.0;0
2025-10-08 12:35:52,784 - INFO - 143517000;0;2;0.0;21.0;6.0;0.0;0.0;0.0;0.0;0.0;0
2025-10-08 12:35:53,784 - INFO - 144517000;0;2;0.0;20.0;6.0;0.0;0.0;0.0;0.0;0.0;0
2025-10-08 12:35:54,789 - INFO - 145517000;0;2;0.0;21.0;6.0;0.0;0.0;0.0;0.0;0.0;0
2025-10-08 12:35:55,790 - INFO - 146517000;0;2;0.0;20.0;6.0;0.0;0.0;0.0;0.0;0.0;0
2025-10-08 12:35:56,796 - INFO - 147517000;0;2;0.0;20.0;6.0;0.0;0.0;0.0;0.0;0.0;0
2025-10-08 12:35:57,798 - INFO - 148517000;0;2;0.0;20.0;6.0;0.0;0.0;0.0;0.0;0.0;0
2025-10-08 12:35:58,792 - INFO - 149517000;0;2;0.0;20.0;6.0;0.0;0.0;0.0;0.0;0.0;0
2025-10-08 12:35:59,796 - INFO - 150517000;0;2;0.0;20.0;6.0;0.0;0.0;0.0;0.0;0.0;0
2025-10-08 12:36:00,810 - INFO - 151517000;0;2;0.0;20.0;6.0;0.0;0.0;0.0;0.0;0.0;0
2025-10-08 12:36:01,799 - INFO - 152517000;0;2;0.0;20.0;6.0;0.0;0.0;0.0;0.0;0.0;0
2025-10-08 12:36:02,802 - INFO - 153517000;0;2;0.0;21.0;6.0;0.0;0.0;0.0;0.0;0.0;0
2025-10-08 12:36:03,803 - INFO - 154517000;0;2;0.0;21.0;6.0;0.0;0.0;0.0;0.0;0.0;0
2025-10-08 12:36:04,806 - INFO - 155517000;0;2;0.0;20.0;6.0;0.0;0.0;0.0;0.0;0.0;0
2025-10-08 12:36:05,807 - INFO - 156517000;0;2;0.0;21.0;6.0;0.0;0.0;0.0;0.0;0.0;0
2025-10-08 12:36:06,809 - INFO - 157517000;0;2;0.0;21.0;6.0;0.0;0.0;0.0;0.0;0.0;0
2025-10-08 12:36:07,810 - INFO - 158517000;0;2;0.0;20.0;6.0;0.0;0.0;0.0;0.0;0.0;0
2025-10-08 12:36:08,809 - INFO - 159517000;0;2;0.0;21.0;6.0;0.0;0.0;0.0;0.0;0.0;0
2025-10-08 12:36:09,821 - INFO - 160517000;0;2;0.0;20.0;6.0;0.0;0.0;0.0;0.0;0.0;0
2025-10-08 12:36:10,812 - INFO - 161517000;0;2;0.0;20.0;6.0;0.0;0.0;0.0;0.0;0.0;0
2025-10-08 12:36:11,809 - INFO - 162517000;0;2;0.0;20.0;6.0;0.0;0.0;0.0;0.0;0.0;0
2025-10-08 12:36:12,816 - INFO - 163517000;0;2;0.0;20.0;6.0;0.0;0.0;0.0;0.0;0.0;0
2025-10-08 12:36:13,820 - INFO - 164517000;0;2;0.0;20.0;6.0;0.0;0.0;0.0;0.0;0.0;0
2025-10-08 12:36:14,822 - INFO - 165517000;0;2;0.0;21.0;6.0;0.0;0.0;0.0;0.0;0.0;0
2025-10-08 12:36:15,830 - INFO - 166517000;0;2;0.0;20.0;6.0;0.0;0.0;0.0;0.0;0.0;0
2025-10-08 12:36:16,828 - INFO - 167517000;0;2;0.0;21.0;6.0;0.0;0.0;0.0;0.0;0.0;0
2025-10-08 12:36:17,830 - INFO - 168517000;0;2;0.0;21.0;6.0;0.0;0.0;0.0;0.0;0.0;0
2025-10-08 12:36:18,826 - INFO - 169517000;0;2;0.0;21.0;6.0;0.0;0.0;0.0;0.0;0.0;0
2025-10-08 12:36:19,833 - INFO - 170517000;0;2;0.0;20.0;6.0;0.0;0.0;0.0;0.0;0.0;0
2025-10-08 12:36:20,824 - INFO - 171517000;0;2;0.0;20.0;6.0;0.0;0.0;0.0;0.0;0.0;0
2025-10-08 12:36:21,837 - INFO - 172517000;0;2;0.0;21.0;6.0;0.0;0.0;0.0;0.0;0.0;0
2025-10-08 12:36:22,833 - INFO - 173517000;0;2;0.0;21.0;6.0;0.0;0.0;0.0;0.0;0.0;0
2025-10-08 12:36:23,835 - INFO - 174517000;0;2;0.0;20.0;6.0;0.0;0.0;0.0;0.0;0.0;0
2025-10-08 12:36:24,830 - INFO - 175517000;0;2;0.0;21.0;6.0;0.0;0.0;0.0;0.0;0.0;0
2025-10-08 12:36:25,839 - INFO - 176517000;0;2;0.0;20.0;6.0;0.0;0.0;0.0;0.0;0.0;0
2025-10-08 12:36:26,841 - INFO - 177517000;0;2;0.0;21.0;6.0;0.0;0.0;0.0;0.0;0.0;0
2025-10-08 12:36:27,849 - INFO - 178517000;0;2;0.0;20.0;6.0;0.0;0.0;0.0;0.0;0.0;0
2025-10-08 12:36:28,842 - INFO - 179517000;0;2;0.0;20.0;6.0;0.0;0.0;0.0;0.0;0.0;0
2025-10-08 12:36:29,845 - INFO - 180517000;0;2;0.0;20.0;6.0;0.0;0.0;0.0;0.0;0.0;0
2025-10-08 12:36:30,851 - INFO - 181517000;0;2;0.0;21.0;6.0;0.0;0.0;0.0;0.0;0.0;0
2025-10-08 12:36:31,845 - INFO - 182517000;0;2;0.0;20.0;6.0;0.0;0.0;0.0;0.0;0.0;0
2025-10-08 12:36:32,858 - INFO - 183517000;0;2;0.0;20.0;6.0;0.0;0.0;0.0;0.0;0.0;0
2025-10-08 12:36:33,856 - INFO - 184517000;0;2;0.0;20.0;6.0;0.0;0.0;0.0;0.0;0.0;0
2025-10-08 12:36:34,852 - INFO - 185517000;0;2;0.0;21.0;6.0;0.0;0.0;0.0;0.0;0.0;0
2025-10-08 12:36:35,855 - INFO - 186517000;0;2;0.0;21.0;6.0;0.0;0.0;0.0;0.0;0.0;0
2025-10-08 12:36:36,869 - INFO - 187517000;0;2;0.0;21.0;6.0;0.0;0.0;0.0;0.0;0.0;0
2025-10-08 12:36:37,861 - INFO - 188517000;0;2;0.0;21.0;6.0;0.0;0.0;0.0;0.0;0.0;0
2025-10-08 12:36:38,862 - INFO - 189517000;0;2;0.0;21.0;6.0;0.0;0.0;0.0;0.0;0.0;0
2025-10-08 12:36:39,858 - INFO - 190517000;0;2;0.0;21.0;6.0;0.0;0.0;0.0;0.0;0.0;0
2025-10-08 12:36:40,864 - INFO - 191517000;0;2;0.0;21.0;6.0;0.0;0.0;0.0;0.0;0.0;0
2025-10-08 12:36:41,863 - INFO - 192517000;0;2;0.0;21.0;6.0;0.0;0.0;0.0;0.0;0.0;0
2025-10-08 12:36:42,867 - INFO - 193517000;0;2;0.0;21.0;6.0;0.0;0.0;0.0;0.0;0.0;0
2025-10-08 12:36:43,868 - INFO - 194517000;0;2;0.0;20.0;6.0;0.0;0.0;0.0;0.0;0.0;0
2025-10-08 12:36:44,870 - INFO - 195517000;0;2;0.0;21.0;6.0;0.0;0.0;0.0;0.0;0.0;0
2025-10-08 12:36:45,883 - INFO - 196517000;0;2;0.0;20.0;6.0;0.0;0.0;0.0;0.0;0.0;0
2025-10-08 12:36:46,873 - INFO - 197517000;0;2;0.0;21.0;6.0;0.0;0.0;0.0;0.0;0.0;0
2025-10-08 12:36:47,871 - INFO - 198517000;0;2;0.0;21.0;6.0;0.0;0.0;0.0;0.0;0.0;0
2025-10-08 12:36:48,884 - INFO - 199517000;0;2;0.0;21.0;6.0;0.0;0.0;0.0;0.0;0.0;0
2025-10-08 12:36:49,871 - INFO - 200517000;0;2;0.0;21.0;6.0;0.0;0.0;0.0;0.0;0.0;0
2025-10-08 12:36:50,880 - INFO - 201517000;0;2;0.0;21.0;6.0;0.0;0.0;0.0;0.0;0.0;0
2025-10-08 12:36:51,879 - INFO - 202517000;0;2;0.0;21.0;6.0;0.0;0.0;0.0;0.0;0.0;0
2025-10-08 12:36:52,883 - INFO - 203517000;0;2;0.0;21.0;6.0;0.0;0.0;0.0;0.0;0.0;0
2025-10-08 12:36:53,884 - INFO - 204517000;0;2;0.0;20.0;6.0;0.0;0.0;0.0;0.0;0.0;0
2025-10-08 12:36:54,890 - INFO - 205517000;0;2;0.0;20.0;6.0;0.0;0.0;0.0;0.0;0.0;0
2025-10-08 12:36:55,888 - INFO - 206517000;0;2;0.0;21.0;6.0;0.0;0.0;0.0;0.0;0.0;0
2025-10-08 12:36:56,888 - INFO - 207517000;0;2;0.0;21.0;6.0;0.0;0.0;0.0;0.0;0.0;0
2025-10-08 12:36:57,891 - INFO - 208517000;0;2;0.0;21.0;6.0;0.0;0.0;0.0;0.0;0.0;0
2025-10-08 12:36:58,893 - INFO - 209517000;0;2;0.0;21.0;6.0;0.0;0.0;0.0;0.0;0.0;0
2025-10-08 12:36:59,899 - INFO - 210517000;0;2;0.0;21.0;6.0;0.0;0.0;0.0;0.0;0.0;0
2025-10-08 12:37:00,896 - INFO - 211517000;0;2;0.0;21.0;6.0;0.0;0.0;0.0;0.0;0.0;0
2025-10-08 12:37:01,897 - INFO - 212517000;0;2;0.0;21.0;6.0;0.0;0.0;0.0;0.0;0.0;0
2025-10-08 12:37:02,900 - INFO - 213517000;0;2;0.0;21.0;6.0;0.0;0.0;0.0;0.0;0.0;0
2025-10-08 12:37:03,896 - INFO - 214517000;0;2;0.0;21.0;6.0;0.0;0.0;0.0;0.0;0.0;0
2025-10-08 12:37:04,907 - INFO - 215517000;0;2;0.0;21.0;6.0;0.0;0.0;0.0;0.0;0.0;0
2025-10-08 12:37:05,902 - INFO - 216517000;0;2;0.0;21.0;6.0;0.0;0.0;0.0;0.0;0.0;0
2025-10-08 12:37:43,000 - INFO - 253517000;0;0;0.0;0.0;0.0;0.0;0.0;0.0;0.0;0.0;0
2025-10-08 12:37:43,989 - INFO - 254517000;0;0;0.0;0.0;0.0;0.0;0.0;0.0;0.0;0.0;0
2025-10-08 12:37:44,995 - INFO - 255517000;0;0;0.0;0.0;0.0;0.0;0.0;0.0;0.0;0.0;0
2025-10-08 12:37:45,992 - INFO - 256517000;0;0;0.0;0.0;0.0;0.0;0.0;0.0;0.0;0.0;0
2025-10-08 12:37:46,998 - INFO - 257517000;0;0;0.0;0.0;0.0;0.0;0.0;0.0;0.0;0.0;0
2025-10-08 12:37:47,993 - INFO - 258517000;0;0;0.0;0.0;0.0;0.0;0.0;0.0;0.0;0.0;0
2025-10-08 12:37:48,998 - INFO - 259517000;0;2;0.0;21.0;6.0;0.0;0.0;0.0;0.0;0.0;0
2025-10-08 12:37:50,001 - INFO - 260517000;0;2;0.0;21.0;6.0;0.0;0.0;0.0;0.0;0.0;0
2025-10-08 12:37:50,999 - INFO - 261517000;0;2;0.0;21.0;6.0;0.0;0.0;0.0;0.0;0.0;0
2025-10-08 12:37:52,001 - INFO - 262517000;0;2;0.0;21.0;6.0;0.0;0.0;0.0;0.0;0.0;0
2025-10-08 12:37:53,003 - INFO - 263517000;0;2;0.0;21.0;6.0;0.0;0.0;0.0;0.0;0.0;0
2025-10-08 12:37:54,006 - INFO - 264517000;0;2;0.0;21.0;6.0;0.0;0.0;0.0;0.0;0.0;0
2025-10-08 12:37:55,003 - INFO - 265517000;0;2;0.0;21.0;6.0;0.0;0.0;0.0;0.0;0.0;0
2025-10-08 12:37:56,009 - INFO - 266517000;0;2;0.0;21.0;6.0;0.0;0.0;0.0;0.0;0.0;0
2025-10-08 12:37:57,006 - INFO - 267517000;0;2;0.0;21.0;6.0;0.0;0.0;0.0;0.0;0.0;0
2025-10-08 12:37:58,011 - INFO - 268517000;0;2;0.0;21.0;6.0;0.0;0.0;0.0;0.0;0.0;0
2025-10-08 12:37:59,011 - INFO - 269517000;0;2;0.0;21.0;6.0;0.0;0.0;0.0;0.0;0.0;0
2025-10-08 12:38:00,014 - INFO - 270517000;0;2;0.0;21.0;6.0;0.0;0.0;0.0;0.0;0.0;0
2025-10-08 12:38:01,010 - INFO - 271517000;0;2;0.0;21.0;6.0;0.0;0.0;0.0;0.0;0.0;0
2025-10-08 12:38:02,031 - INFO - 272517000;0;2;0.0;21.0;6.0;0.0;0.0;0.0;0.0;0.0;0
2025-10-08 12:38:03,030 - INFO - 273517000;0;2;0.0;21.0;6.0;0.0;0.0;0.0;0.0;0.0;0
2025-10-08 12:38:04,025 - INFO - 274517000;0;2;0.0;21.0;6.0;0.0;0.0;0.0;0.0;0.0;0
2025-10-08 12:38:05,031 - INFO - 275517000;0;2;0.0;21.0;6.0;0.0;0.0;0.0;0.0;0.0;0
2025-10-08 12:38:06,024 - INFO - 276517000;0;2;0.0;21.0;6.0;0.0;0.0;0.0;0.0;0.0;0
2025-10-08 12:38:07,024 - INFO - 277517000;0;2;0.0;21.0;6.0;0.0;0.0;0.0;0.0;0.0;0
2025-10-08 12:38:08,025 - INFO - 278517000;0;2;0.0;21.0;6.0;0.0;0.0;0.0;0.0;0.0;0
2025-10-08 12:38:09,025 - INFO - 279517000;0;2;0.0;21.0;6.0;0.0;0.0;0.0;0.0;0.0;0
2025-10-08 12:38:10,030 - INFO - 280517000;0;2;0.0;21.0;6.0;0.0;0.0;0.0;0.0;0.0;0
2025-10-08 12:38:11,036 - INFO - 281517000;0;2;0.0;21.0;6.0;0.0;0.0;0.0;0.0;0.0;0
2025-10-08 12:38:12,023 - INFO - 282517000;0;2;0.0;21.0;6.0;0.0;0.0;0.0;0.0;0.0;0
2025-10-08 12:38:13,025 - INFO - 283517000;0;2;0.0;21.0;6.0;0.0;0.0;0.0;0.0;0.0;0
2025-10-08 12:38:14,029 - INFO - 284517000;0;2;0.0;21.0;6.0;0.0;0.0;0.0;0.0;0.0;0
2025-10-08 12:38:15,034 - INFO - 285517000;0;2;0.0;21.0;6.0;0.0;0.0;0.0;0.0;0.0;0
2025-10-08 12:38:16,023 - INFO - 286517000;0;2;0.0;21.0;6.0;0.0;0.0;0.0;0.0;0.0;0
2025-10-08 12:38:17,035 - INFO - 287517000;0;2;0.0;21.0;6.0;0.0;0.0;0.0;0.0;0.0;0
2025-10-08 12:38:18,030 - INFO - 288517000;0;2;0.0;22.0;6.0;0.0;0.0;0.0;0.0;0.0;0
2025-10-08 12:38:19,044 - INFO - 289517000;0;2;0.0;21.0;6.0;0.0;0.0;0.0;0.0;0.0;0
2025-10-08 12:38:20,031 - INFO - 290517000;0;2;0.0;21.0;6.0;0.0;0.0;0.0;0.0;0.0;0
2025-10-08 12:38:21,028 - INFO - 291517000;0;2;0.0;21.0;6.0;0.0;0.0;0.0;0.0;0.0;0
2025-10-08 12:38:22,029 - INFO - 292517000;0;2;0.0;21.0;6.0;0.0;0.0;0.0;0.0;0.0;0
2025-10-08 12:38:23,030 - INFO - 293517000;0;2;0.0;21.0;6.0;0.0;0.0;0.0;0.0;0.0;0
2025-10-08 12:38:24,051 - INFO - 294517000;0;2;0.0;21.0;6.0;0.0;0.0;0.0;0.0;0.0;0
2025-10-08 12:38:25,051 - INFO - 295517000;0;2;0.0;21.0;6.0;0.0;0.0;0.0;0.0;0.0;0
2025-10-08 12:38:26,041 - INFO - 296517000;0;2;0.0;21.0;6.0;0.0;0.0;0.0;0.0;0.0;0
2025-10-08 12:38:27,040 - INFO - 297517000;0;2;0.0;21.0;6.0;0.0;0.0;0.0;0.0;0.0;0
2025-10-08 12:38:28,044 - INFO - 298517000;0;2;0.0;22.0;6.0;0.0;0.0;0.0;0.0;0.0;0
2025-10-08 12:38:29,044 - INFO - 299517000;0;2;0.0;21.0;6.0;0.0;0.0;0.0;0.0;0.0;0
2025-10-08 12:38:30,058 - INFO - 300517000;0;2;0.0;21.0;6.0;0.0;0.0;0.0;0.0;0.0;0
2025-10-08 12:38:31,048 - INFO - 301517000;0;2;0.0;21.0;6.0;0.0;0.0;0.0;0.0;0.0;0
2025-10-08 12:38:32,056 - INFO - 302517000;0;2;0.0;21.0;6.0;0.0;0.0;0.0;0.0;0.0;0
2025-10-08 12:38:33,048 - INFO - 303517000;0;2;0.0;21.0;6.0;0.0;0.0;0.0;0.0;0.0;0
2025-10-08 12:38:34,063 - INFO - 304517000;0;2;0.0;21.0;6.0;0.0;0.0;0.0;0.0;0.0;0
2025-10-08 12:38:35,055 - INFO - 305517000;0;2;0.0;21.0;6.0;0.0;0.0;0.0;0.0;0.0;0
2025-10-08 12:38:36,059 - INFO - 306517000;0;2;0.0;21.0;6.0;0.0;0.0;0.0;0.0;0.0;0
2025-10-08 12:38:37,057 - INFO - 307517000;0;2;0.0;21.0;6.0;0.0;0.0;0.0;0.0;0.0;0
2025-10-08 12:38:38,056 - INFO - 308517000;0;2;0.0;21.0;6.0;0.0;0.0;0.0;0.0;0.0;0
2025-10-08 12:38:39,058 - INFO - 309517000;0;2;0.0;21.0;6.0;0.0;0.0;0.0;0.0;0.0;0
2025-10-08 12:38:40,073 - INFO - 310517000;0;2;0.0;21.0;6.0;0.0;0.0;0.0;0.0;0.0;0
2025-10-08 12:38:41,066 - INFO - 311517000;0;2;0.0;21.0;6.0;0.0;0.0;0.0;0.0;0.0;0
2025-10-08 12:38:42,064 - INFO - 312517000;0;2;0.0;21.0;6.0;0.0;0.0;0.0;0.0;0.0;0
2025-10-08 12:38:43,064 - INFO - 313517000;0;2;0.0;21.0;6.0;0.0;0.0;0.0;0.0;0.0;0
2025-10-08 12:38:44,067 - INFO - 314517000;0;2;0.0;21.0;6.0;0.0;0.0;0.0;0.0;0.0;0
2025-10-08 12:38:45,061 - INFO - 315517000;0;2;0.0;21.0;6.0;0.0;0.0;0.0;0.0;0.0;0
2025-10-08 12:38:46,081 - INFO - 316517000;0;2;0.0;21.0;6.0;0.0;0.0;0.0;0.0;0.0;0
2025-10-08 12:38:47,079 - INFO - 317517000;0;2;0.0;21.0;6.0;0.0;0.0;0.0;0.0;0.0;0
2025-10-08 12:38:48,080 - INFO - 318517000;0;2;0.0;21.0;6.0;0.0;0.0;0.0;0.0;0.0;0
2025-10-08 12:38:49,068 - INFO - 319517000;0;2;0.0;21.0;6.0;0.0;0.0;0.0;0.0;0.0;0
2025-10-08 12:38:50,069 - INFO - 320517000;0;2;0.0;21.0;6.0;0.0;0.0;0.0;0.0;0.0;0
2025-10-08 12:38:51,075 - INFO - 321517000;0;2;0.0;21.0;6.0;0.0;0.0;0.0;0.0;0.0;0
2025-10-08 12:38:52,080 - INFO - 322517000;0;2;0.0;21.0;6.0;0.0;0.0;0.0;0.0;0.0;0
2025-10-08 12:38:53,074 - INFO - 323517000;0;2;0.0;21.0;6.0;0.0;0.0;0.0;0.0;0.0;0
2025-10-08 12:38:54,078 - INFO - 324517000;0;2;0.0;21.0;6.0;0.0;0.0;0.0;0.0;0.0;0
2025-10-08 12:38:55,091 - INFO - 325517000;0;2;0.0;21.0;6.0;0.0;0.0;0.0;0.0;0.0;0
2025-10-08 12:38:56,081 - INFO - 326517000;0;2;0.0;21.0;6.0;0.0;0.0;0.0;0.0;0.0;0
2025-10-08 12:38:57,088 - INFO - 327517000;0;2;0.0;22.0;6.0;0.0;0.0;0.0;0.0;0.0;0
2025-10-08 12:38:58,086 - INFO - 328517000;0;2;0.0;21.0;6.0;0.0;0.0;0.0;0.0;0.0;0
2025-10-08 12:38:59,090 - INFO - 329517000;0;2;0.0;21.0;6.0;0.0;0.0;0.0;0.0;0.0;0
2025-10-08 12:39:00,092 - INFO - 330517000;0;2;0.0;21.0;6.0;0.0;0.0;0.0;0.0;0.0;0
2025-10-08 12:39:01,092 - INFO - 331517000;0;2;0.0;21.0;6.0;0.0;0.0;0.0;0.0;0.0;0
2025-10-08 12:39:02,092 - INFO - 332517000;0;2;0.0;21.0;6.0;0.0;0.0;0.0;0.0;0.0;0
2025-10-08 12:39:03,095 - INFO - 333517000;0;2;0.0;21.0;6.0;0.0;0.0;0.0;0.0;0.0;0
2025-10-08 12:39:04,098 - INFO - 334517000;0;2;0.0;21.0;6.0;0.0;0.0;0.0;0.0;0.0;0
2025-10-08 12:39:05,097 - INFO - 335517000;0;2;0.0;21.0;6.0;0.0;0.0;0.0;0.0;0.0;0
2025-10-08 12:39:06,114 - INFO - 336517000;0;2;0.0;21.0;6.0;0.0;0.0;0.0;0.0;0.0;0
2025-10-08 12:39:07,110 - INFO - 337517000;0;2;0.0;21.0;6.0;0.0;0.0;0.0;0.0;0.0;0
2025-10-08 12:39:08,112 - INFO - 338517000;0;2;0.0;21.0;6.0;0.0;0.0;0.0;0.0;0.0;0
2025-10-08 12:39:09,117 - INFO - 339517000;0;2;0.0;21.0;6.0;0.0;0.0;0.0;0.0;0.0;0
2025-10-08 12:39:10,101 - INFO - 340517000;0;2;0.0;22.0;6.0;0.0;0.0;0.0;0.0;0.0;0
2025-10-08 12:39:11,110 - INFO - 341517000;0;2;0.0;21.0;6.0;0.0;0.0;0.0;0.0;0.0;0
2025-10-08 12:39:12,110 - INFO - 342517000;0;2;0.0;22.0;6.0;0.0;0.0;0.0;0.0;0.0;0
2025-10-08 12:39:13,114 - INFO - 343517000;0;2;0.0;22.0;6.0;0.0;0.0;0.0;0.0;0.0;0
2025-10-08 12:39:14,114 - INFO - 344517000;0;2;0.0;21.0;6.0;0.0;0.0;0.0;0.0;0.0;0
2025-10-08 12:39:15,116 - INFO - 345517000;0;2;0.0;21.0;6.0;0.0;0.0;0.0;0.0;0.0;0
2025-10-08 12:39:16,111 - INFO - 346517000;0;2;0.0;21.0;6.0;0.0;0.0;0.0;0.0;0.0;0
2025-10-08 12:39:17,119 - INFO - 347517000;0;2;0.0;21.0;6.0;0.0;0.0;0.0;0.0;0.0;0
2025-10-08 12:39:18,122 - INFO - 348517000;0;2;0.0;21.0;6.0;0.0;0.0;0.0;0.0;0.0;0
2025-10-08 12:39:19,123 - INFO - 349517000;0;2;0.0;21.0;6.0;0.0;0.0;0.0;0.0;0.0;0
2025-10-08 12:39:20,123 - INFO - 350517000;0;2;0.0;21.0;6.0;0.0;0.0;0.0;0.0;0.0;0
2025-10-08 12:39:21,126 - INFO - 351517000;0;2;0.0;21.0;6.0;0.0;0.0;0.0;0.0;0.0;0
2025-10-08 12:39:22,125 - INFO - 352517000;0;2;0.0;21.0;6.0;0.0;0.0;0.0;0.0;0.0;0
2025-10-08 12:39:23,126 - INFO - 353517000;0;2;0.0;21.0;6.0;0.0;0.0;0.0;0.0;0.0;0
2025-10-08 12:39:24,127 - INFO - 354517000;0;2;0.0;21.0;6.0;0.0;0.0;0.0;0.0;0.0;0
2025-10-08 12:39:25,131 - INFO - 355517000;0;2;0.0;22.0;6.0;0.0;0.0;0.0;0.0;0.0;0
2025-10-08 12:39:26,126 - INFO - 356517000;0;2;0.0;22.0;6.0;0.0;0.0;0.0;0.0;0.0;0
2025-10-08 12:39:27,135 - INFO - 357517000;0;2;0.0;22.0;6.0;0.0;0.0;0.0;0.0;0.0;0
2025-10-08 12:39:28,137 - INFO - 358517000;0;2;0.0;21.0;6.0;0.0;0.0;0.0;0.0;0.0;0
2025-10-08 12:39:29,136 - INFO - 359517000;0;2;0.0;21.0;6.0;0.0;0.0;0.0;0.0;0.0;0
2025-10-08 12:39:30,140 - INFO - 360517000;0;2;0.0;21.0;6.0;0.0;0.0;0.0;0.0;0.0;0
2025-10-08 12:39:31,140 - INFO - 361517000;0;2;0.0;21.0;6.0;0.0;0.0;0.0;0.0;0.0;0
2025-10-08 12:39:32,143 - INFO - 362517000;0;2;0.0;21.0;6.0;0.0;0.0;0.0;0.0;0.0;0
2025-10-08 12:39:33,144 - INFO - 363517000;0;2;0.0;22.0;6.0;0.0;0.0;0.0;0.0;0.0;0
2025-10-08 12:39:34,148 - INFO - 364517000;0;2;0.0;22.0;6.0;0.0;0.0;0.0;0.0;0.0;0
2025-10-08 12:39:35,157 - INFO - 365517000;0;2;0.0;22.0;6.0;0.0;0.0;0.0;0.0;0.0;0
2025-10-08 12:39:36,150 - INFO - 366517000;0;2;0.0;21.0;6.0;0.0;0.0;0.0;0.0;0.0;0
2025-10-08 12:39:37,153 - INFO - 367517000;0;2;0.0;22.0;6.0;0.0;0.0;0.0;0.0;0.0;0
2025-10-08 12:39:38,158 - INFO - 368517000;0;2;0.0;21.0;6.0;0.0;0.0;0.0;0.0;0.0;0
2025-10-08 12:39:39,156 - INFO - 369517000;0;2;0.0;21.0;6.0;0.0;0.0;0.0;0.0;0.0;0
2025-10-08 12:39:40,168 - INFO - 370517000;0;2;0.0;22.0;6.0;0.0;0.0;0.0;0.0;0.0;0
2025-10-08 12:39:41,158 - INFO - 371517000;0;2;0.0;21.0;6.0;0.0;0.0;0.0;0.0;0.0;0
2025-10-08 12:39:42,161 - INFO - 372517000;0;2;0.0;21.0;6.0;0.0;0.0;0.0;0.0;0.0;0
2025-10-08 12:39:43,160 - INFO - 373517000;0;2;0.0;21.0;6.0;0.0;0.0;0.0;0.0;0.0;0
2025-10-08 12:39:44,162 - INFO - 374517000;0;2;0.0;21.0;6.0;0.0;0.0;0.0;0.0;0.0;0
2025-10-08 12:39:45,165 - INFO - 375517000;0;2;0.0;22.0;6.0;0.0;0.0;0.0;0.0;0.0;0
2025-10-08 12:39:46,181 - INFO - 376517000;0;2;0.0;21.0;6.0;0.0;0.0;0.0;0.0;0.0;0
2025-10-08 12:39:47,161 - INFO - 377517000;0;2;0.0;21.0;6.0;0.0;0.0;0.0;0.0;0.0;0
2025-10-08 12:39:48,170 - INFO - 378517000;0;2;0.0;21.0;6.0;0.0;0.0;0.0;0.0;0.0;0
2025-10-08 12:39:49,175 - INFO - 379517000;0;2;0.0;22.0;6.0;0.0;0.0;0.0;0.0;0.0;0
2025-10-08 12:39:50,166 - INFO - 380517000;0;2;0.0;21.0;6.0;0.0;0.0;0.0;0.0;0.0;0
2025-10-08 12:39:51,168 - INFO - 381517000;0;2;0.0;21.0;6.0;0.0;0.0;0.0;0.0;0.0;0
2025-10-08 12:39:52,189 - INFO - 382517000;0;2;0.0;22.0;6.0;0.0;0.0;0.0;0.0;0.0;0
2025-10-08 12:39:53,182 - INFO - 383517000;0;2;0.0;21.0;6.0;0.0;0.0;0.0;0.0;0.0;0
2025-10-08 12:39:54,172 - INFO - 384517000;0;2;0.0;21.0;6.0;0.0;0.0;0.0;0.0;0.0;0
2025-10-08 12:39:55,182 - INFO - 385517000;0;2;0.0;21.0;6.0;0.0;0.0;0.0;0.0;0.0;0
2025-10-08 12:39:56,181 - INFO - 386517000;0;2;0.0;22.0;6.0;0.0;0.0;0.0;0.0;0.0;0
2025-10-08 12:39:57,190 - INFO - 387517000;0;2;0.0;21.0;6.0;0.0;0.0;0.0;0.0;0.0;0
2025-10-08 12:39:58,185 - INFO - 388517000;0;2;0.0;21.0;6.0;0.0;0.0;0.0;0.0;0.0;0
2025-10-08 12:39:59,199 - INFO - 389517000;0;2;0.0;22.0;6.0;0.0;0.0;0.0;0.0;0.0;0
2025-10-08 12:40:00,189 - INFO - 390517000;0;2;0.0;21.0;6.0;0.0;0.0;0.0;0.0;0.0;0
2025-10-08 12:40:01,202 - INFO - 391517000;0;2;0.0;21.0;6.0;0.0;0.0;0.0;0.0;0.0;0
2025-10-08 12:40:02,193 - INFO - 392517000;0;2;0.0;21.0;6.0;0.0;0.0;0.0;0.0;0.0;0
2025-10-08 12:40:03,194 - INFO - 393517000;0;2;0.0;21.0;6.0;0.0;0.0;0.0;0.0;0.0;0
2025-10-08 12:40:04,203 - INFO - 394517000;0;2;0.0;21.0;6.0;0.0;0.0;0.0;0.0;0.0;0
2025-10-08 12:40:05,196 - INFO - 395517000;0;2;0.0;21.0;6.0;0.0;0.0;0.0;0.0;0.0;0
2025-10-08 12:40:06,198 - INFO - 396517000;0;2;0.0;21.0;6.0;0.0;0.0;0.0;0.0;0.0;0
2025-10-08 12:40:07,201 - INFO - 397517000;0;2;0.0;21.0;6.0;0.0;0.0;0.0;0.0;0.0;0
2025-10-08 12:40:08,202 - INFO - 398517000;0;2;0.0;21.0;6.0;0.0;0.0;0.0;0.0;0.0;0
2025-10-08 12:40:09,217 - INFO - 399517000;0;2;0.0;21.0;6.0;0.0;0.0;0.0;0.0;0.0;0
2025-10-08 12:40:10,213 - INFO - 400517000;0;2;0.0;21.0;6.0;0.0;0.0;0.0;0.0;0.0;0
2025-10-08 12:40:11,207 - INFO - 401517000;0;2;0.0;21.0;6.0;0.0;0.0;0.0;0.0;0.0;0
2025-10-08 12:40:12,206 - INFO - 402517000;0;2;0.0;21.0;6.0;0.0;0.0;0.0;0.0;0.0;0
2025-10-08 12:40:13,217 - INFO - 403517000;0;2;0.0;22.0;6.0;0.0;0.0;0.0;0.0;0.0;0
2025-10-08 12:40:14,211 - INFO - 404517000;0;2;0.0;22.0;6.0;0.0;0.0;0.0;0.0;0.0;0
2025-10-08 12:40:15,213 - INFO - 405517000;0;2;0.0;21.0;6.0;0.0;0.0;0.0;0.0;0.0;0
2025-10-08 12:40:16,211 - INFO - 406517000;0;2;0.0;21.0;6.0;0.0;0.0;0.0;0.0;0.0;0
2025-10-08 12:40:17,215 - INFO - 407517000;0;2;0.0;21.0;6.0;0.0;0.0;0.0;0.0;0.0;0
2025-10-08 12:40:18,217 - INFO - 408517000;0;2;0.0;21.0;6.0;0.0;0.0;0.0;0.0;0.0;0
2025-10-08 12:40:19,222 - INFO - 409517000;0;2;0.0;21.0;6.0;0.0;0.0;0.0;0.0;0.0;0
2025-10-08 12:40:20,222 - INFO - 410517000;0;2;0.0;21.0;6.0;0.0;0.0;0.0;0.0;0.0;0
2025-10-08 12:40:21,220 - INFO - 411517000;0;2;0.0;21.0;6.0;0.0;0.0;0.0;0.0;0.0;0
2025-10-08 12:40:22,230 - INFO - 412517000;0;2;0.0;21.0;6.0;0.0;0.0;0.0;0.0;0.0;0
2025-10-08 12:40:23,227 - INFO - 413517000;0;2;0.0;21.0;6.0;0.0;0.0;0.0;0.0;0.0;0
2025-10-08 12:40:24,229 - INFO - 414517000;0;2;0.0;21.0;6.0;0.0;0.0;0.0;0.0;0.0;0
2025-10-08 12:40:25,223 - INFO - 415517000;0;2;0.0;22.0;6.0;0.0;0.0;0.0;0.0;0.0;0
2025-10-08 12:40:26,232 - INFO - 416517000;0;2;0.0;21.0;6.0;0.0;0.0;0.0;0.0;0.0;0
2025-10-08 12:40:27,234 - INFO - 417517000;0;2;0.0;21.0;6.0;0.0;0.0;0.0;0.0;0.0;0
2025-10-08 12:40:28,234 - INFO - 418517000;0;2;0.0;21.0;6.0;0.0;0.0;0.0;0.0;0.0;0
2025-10-08 12:40:29,237 - INFO - 419517000;0;2;0.0;22.0;6.0;0.0;0.0;0.0;0.0;0.0;0
2025-10-08 12:40:30,238 - INFO - 420517000;0;2;0.0;22.0;6.0;0.0;0.0;0.0;0.0;0.0;0
2025-10-08 12:40:31,239 - INFO - 421517000;0;2;0.0;21.0;6.0;0.0;0.0;0.0;0.0;0.0;0
2025-10-08 12:40:32,242 - INFO - 422517000;0;2;0.0;21.0;6.0;0.0;0.0;0.0;0.0;0.0;0
2025-10-08 12:40:33,250 - INFO - 423517000;0;2;0.0;22.0;6.0;0.0;0.0;0.0;0.0;0.0;0
2025-10-08 12:40:34,246 - INFO - 424517000;0;2;0.0;22.0;6.0;0.0;0.0;0.0;0.0;0.0;0
2025-10-08 12:40:35,247 - INFO - 425517000;0;2;0.0;22.0;6.0;0.0;0.0;0.0;0.0;0.0;0
2025-10-08 12:40:36,249 - INFO - 426517000;0;2;0.0;21.0;6.0;0.0;0.0;0.0;0.0;0.0;0
2025-10-08 12:40:37,250 - INFO - 427517000;0;2;0.0;21.0;6.0;0.0;0.0;0.0;0.0;0.0;0
2025-10-08 12:40:38,252 - INFO - 428517000;0;2;0.0;21.0;6.0;0.0;0.0;0.0;0.0;0.0;0
2025-10-08 12:40:39,252 - INFO - 429517000;0;2;0.0;21.0;6.0;0.0;0.0;0.0;0.0;0.0;0
2025-10-08 12:40:40,259 - INFO - 430517000;0;2;0.0;21.0;6.0;0.0;0.0;0.0;0.0;0.0;0
2025-10-08 12:40:41,257 - INFO - 431517000;0;2;0.0;21.0;6.0;0.0;0.0;0.0;0.0;0.0;0
2025-10-08 12:40:42,270 - INFO - 432517000;0;2;0.0;21.0;6.0;0.0;0.0;0.0;0.0;0.0;0
2025-10-08 12:40:43,257 - INFO - 433517000;0;2;0.0;22.0;6.0;0.0;0.0;0.0;0.0;0.0;0
2025-10-08 12:40:44,262 - INFO - 434517000;0;2;0.0;21.0;6.0;0.0;0.0;0.0;0.0;0.0;0
2025-10-08 12:40:45,263 - INFO - 435517000;0;2;0.0;21.0;6.0;0.0;0.0;0.0;0.0;0.0;0
2025-10-08 12:40:46,269 - INFO - 436517000;0;2;0.0;21.0;6.0;0.0;0.0;0.0;0.0;0.0;0
2025-10-08 12:40:47,265 - INFO - 437517000;0;2;0.0;22.0;6.0;0.0;0.0;0.0;0.0;0.0;0
2025-10-08 12:40:48,261 - INFO - 438517000;0;2;0.0;21.0;6.0;0.0;0.0;0.0;0.0;0.0;0
2025-10-08 12:40:49,262 - INFO - 439517000;0;2;0.0;21.0;6.0;0.0;0.0;0.0;0.0;0.0;0
2025-10-08 12:40:50,267 - INFO - 440517000;0;2;0.0;21.0;6.0;0.0;0.0;0.0;0.0;0.0;0
2025-10-08 12:40:51,284 - INFO - 441517000;0;2;0.0;21.0;6.0;0.0;0.0;0.0;0.0;0.0;0
2025-10-08 12:40:52,271 - INFO - 442517000;0;2;0.0;21.0;6.0;0.0;0.0;0.0;0.0;0.0;0
2025-10-08 12:40:53,281 - INFO - 443517000;0;2;0.0;21.0;6.0;0.0;0.0;0.0;0.0;0.0;0
2025-10-08 12:40:54,279 - INFO - 444517000;0;2;0.0;22.0;6.0;0.0;0.0;0.0;0.0;0.0;0
2025-10-08 12:40:55,272 - INFO - 445517000;0;2;0.0;21.0;6.0;0.0;0.0;0.0;0.0;0.0;0
2025-10-08 12:40:56,282 - INFO - 446517000;0;2;0.0;21.0;6.0;0.0;0.0;0.0;0.0;0.0;0
2025-10-08 12:40:57,287 - INFO - 447517000;0;2;0.0;22.0;6.0;0.0;0.0;0.0;0.0;0.0;0
2025-10-08 12:40:58,277 - INFO - 448517000;0;2;0.0;22.0;6.0;0.0;0.0;0.0;0.0;0.0;0
2025-10-08 12:40:59,287 - INFO - 449517000;0;2;0.0;21.0;6.0;0.0;0.0;0.0;0.0;0.0;0
2025-10-08 12:41:00,286 - INFO - 450517000;0;2;0.0;21.0;6.0;0.0;0.0;0.0;0.0;0.0;0
2025-10-08 12:41:01,289 - INFO - 451517000;0;2;0.0;22.0;6.0;0.0;0.0;0.0;0.0;0.0;0
2025-10-08 12:41:02,294 - INFO - 452517000;0;2;0.0;21.0;6.0;0.0;0.0;0.0;0.0;0.0;0
2025-10-08 12:41:03,290 - INFO - 453517000;0;2;0.0;21.0;6.0;0.0;0.0;0.0;0.0;0.0;0
2025-10-08 12:41:04,301 - INFO - 454517000;0;2;0.0;22.0;6.0;0.0;0.0;0.0;0.0;0.0;0
2025-10-08 12:41:05,308 - INFO - 455517000;0;2;0.0;22.0;6.0;0.0;0.0;0.0;0.0;0.0;0
2025-10-08 12:41:06,297 - INFO - 456517000;0;2;0.0;22.0;6.0;0.0;0.0;0.0;0.0;0.0;0
2025-10-08 12:41:07,313 - INFO - 457517000;0;2;0.0;21.0;6.0;0.0;0.0;0.0;0.0;0.0;0
2025-10-08 12:41:08,300 - INFO - 458517000;0;2;0.0;21.0;6.0;0.0;0.0;0.0;0.0;0.0;0
2025-10-08 12:41:09,316 - INFO - 459517000;0;2;0.0;22.0;6.0;0.0;0.0;0.0;0.0;0.0;0
2025-10-08 12:41:10,303 - INFO - 460517000;0;2;0.0;21.0;6.0;0.0;0.0;0.0;0.0;0.0;0
2025-10-08 12:41:11,304 - INFO - 461517000;0;2;0.0;22.0;6.0;0.0;0.0;0.0;0.0;0.0;0
2025-10-08 12:41:12,315 - INFO - 462517000;0;2;0.0;22.0;6.0;0.0;0.0;0.0;0.0;0.0;0
2025-10-08 12:41:13,309 - INFO - 463517000;0;2;0.0;22.0;6.0;0.0;0.0;0.0;0.0;0.0;0
2025-10-08 12:41:14,308 - INFO - 464517000;0;2;0.0;22.0;6.0;0.0;0.0;0.0;0.0;0.0;0
2025-10-08 12:41:15,316 - INFO - 465517000;0;2;0.0;22.0;6.0;0.0;0.0;0.0;0.0;0.0;0
2025-10-08 12:41:16,315 - INFO - 466517000;0;2;0.0;21.0;6.0;0.0;0.0;0.0;0.0;0.0;0
2025-10-08 12:41:17,313 - INFO - 467517000;0;2;0.0;22.0;6.0;0.0;0.0;0.0;0.0;0.0;0
2025-10-08 12:41:18,315 - INFO - 468517000;0;2;0.0;22.0;6.0;0.0;0.0;0.0;0.0;0.0;0
2025-10-08 12:41:19,315 - INFO - 469517000;0;2;0.0;21.0;6.0;0.0;0.0;0.0;0.0;0.0;0
2025-10-08 12:41:20,317 - INFO - 470517000;0;2;0.0;22.0;6.0;0.0;0.0;0.0;0.0;0.0;0
2025-10-08 12:41:21,322 - INFO - 471517000;0;2;0.0;21.0;6.0;0.0;0.0;0.0;0.0;0.0;0
2025-10-08 12:41:22,324 - INFO - 472517000;0;2;0.0;21.0;6.0;0.0;0.0;0.0;0.0;0.0;0
2025-10-08 12:41:23,324 - INFO - 473517000;0;2;0.0;21.0;6.0;0.0;0.0;0.0;0.0;0.0;0
2025-10-08 12:41:24,327 - INFO - 474517000;0;2;0.0;21.0;6.0;0.0;0.0;0.0;0.0;0.0;0
2025-10-08 12:41:25,333 - INFO - 475517000;0;2;0.0;22.0;6.0;0.0;0.0;0.0;0.0;0.0;0
2025-10-08 12:41:26,334 - INFO - 476517000;0;2;0.0;21.0;6.0;0.0;0.0;0.0;0.0;0.0;0
2025-10-08 12:41:27,336 - INFO - 477517000;0;2;0.0;21.0;6.0;0.0;0.0;0.0;0.0;0.0;0
2025-10-08 12:41:28,332 - INFO - 478517000;0;2;0.0;21.0;6.0;0.0;0.0;0.0;0.0;0.0;0
2025-10-08 12:41:29,342 - INFO - 479517000;0;2;0.0;22.0;6.0;0.0;0.0;0.0;0.0;0.0;0
2025-10-08 12:41:30,330 - INFO - 480517000;0;2;0.0;21.0;6.0;0.0;0.0;0.0;0.0;0.0;0
2025-10-08 12:41:31,337 - INFO - 481517000;0;2;0.0;22.0;6.0;0.0;0.0;0.0;0.0;0.0;0
2025-10-08 12:41:32,340 - INFO - 482517000;0;2;0.0;22.0;6.0;0.0;0.0;0.0;0.0;0.0;0
2025-10-08 12:41:33,347 - INFO - 483517000;0;2;0.0;21.0;6.0;0.0;0.0;0.0;0.0;0.0;0
2025-10-08 12:41:34,344 - INFO - 484517000;0;2;0.0;22.0;6.0;0.0;0.0;0.0;0.0;0.0;0
2025-10-08 12:41:35,342 - INFO - 485517000;0;2;0.0;22.0;6.0;0.0;0.0;0.0;0.0;0.0;0
2025-10-08 12:41:36,348 - INFO - 486517000;0;2;0.0;21.0;6.0;0.0;0.0;0.0;0.0;0.0;0
2025-10-08 12:41:37,349 - INFO - 487517000;0;2;0.0;22.0;6.0;0.0;0.0;0.0;0.0;0.0;0
2025-10-08 12:41:38,350 - INFO - 488517000;0;2;0.0;22.0;6.0;0.0;0.0;0.0;0.0;0.0;0
2025-10-08 12:41:39,350 - INFO - 489517000;0;2;0.0;22.0;6.0;0.0;0.0;0.0;0.0;0.0;0
2025-10-08 12:41:40,355 - INFO - 490517000;0;2;0.0;22.0;6.0;0.0;0.0;0.0;0.0;0.0;0
2025-10-08 12:41:41,362 - INFO - 491517000;0;2;0.0;22.0;6.0;0.0;0.0;0.0;0.0;0.0;0
2025-10-08 12:41:42,350 - INFO - 492517000;0;2;0.0;22.0;6.0;0.0;0.0;0.0;0.0;0.0;0
2025-10-08 12:41:43,359 - INFO - 493517000;0;2;0.0;22.0;6.0;0.0;0.0;0.0;0.0;0.0;0
2025-10-08 12:41:44,356 - INFO - 494517000;0;2;0.0;21.0;6.0;0.0;0.0;0.0;0.0;0.0;0
2025-10-08 12:41:45,366 - INFO - 495517000;0;2;0.0;22.0;6.0;0.0;0.0;0.0;0.0;0.0;0
2025-10-08 12:41:46,363 - INFO - 496517000;0;2;0.0;22.0;6.0;0.0;0.0;0.0;0.0;0.0;0
2025-10-08 12:41:47,377 - INFO - 497517000;0;2;0.0;22.0;6.0;0.0;0.0;0.0;0.0;0.0;0
2025-10-08 12:41:48,367 - INFO - 498517000;0;2;0.0;22.0;6.0;0.0;0.0;0.0;0.0;0.0;0
2025-10-08 12:41:49,361 - INFO - 499517000;0;2;0.0;22.0;6.0;0.0;0.0;0.0;0.0;0.0;0
2025-10-08 12:41:50,374 - INFO - 500517000;0;2;0.0;22.0;6.0;0.0;0.0;0.0;0.0;0.0;0
2025-10-08 12:41:51,370 - INFO - 501517000;0;2;0.0;22.0;6.0;0.0;0.0;0.0;0.0;0.0;0
2025-10-08 12:41:52,371 - INFO - 502517000;0;2;0.0;21.0;6.0;0.0;0.0;0.0;0.0;0.0;0
2025-10-08 12:41:53,372 - INFO - 503517000;0;2;0.0;22.0;6.0;0.0;0.0;0.0;0.0;0.0;0
2025-10-08 12:41:54,381 - INFO - 504517000;0;2;0.0;22.0;6.0;0.0;0.0;0.0;0.0;0.0;0
2025-10-08 12:41:55,371 - INFO - 505517000;0;2;0.0;22.0;6.0;0.0;0.0;0.0;0.0;0.0;0
2025-10-08 12:41:56,388 - INFO - 506517000;0;2;0.0;21.0;6.0;0.0;0.0;0.0;0.0;0.0;0
2025-10-08 12:41:57,374 - INFO - 507517000;0;2;0.0;22.0;6.0;0.0;0.0;0.0;0.0;0.0;0
2025-10-08 12:41:58,388 - INFO - 508517000;0;2;0.0;21.0;6.0;0.0;0.0;0.0;0.0;0.0;0
2025-10-08 12:41:59,389 - INFO - 509517000;0;2;0.0;21.0;6.0;0.0;0.0;0.0;0.0;0.0;0
2025-10-08 12:42:00,387 - INFO - 510517000;0;2;0.0;22.0;6.0;0.0;0.0;0.0;0.0;0.0;0
2025-10-08 12:42:01,388 - INFO - 511517000;0;2;0.0;22.0;6.0;0.0;0.0;0.0;0.0;0.0;0
2025-10-08 12:42:02,390 - INFO - 512517000;0;2;0.0;22.0;6.0;0.0;0.0;0.0;0.0;0.0;0
2025-10-08 12:42:03,392 - INFO - 513517000;0;2;0.0;21.0;6.0;0.0;0.0;0.0;0.0;0.0;0
2025-10-08 12:42:04,400 - INFO - 514517000;0;2;0.0;21.0;6.0;0.0;0.0;0.0;0.0;0.0;0
2025-10-08 12:42:05,394 - INFO - 515517000;0;2;0.0;22.0;6.0;0.0;0.0;0.0;0.0;0.0;0
2025-10-08 12:42:06,407 - INFO - 516517000;0;2;0.0;22.0;6.0;0.0;0.0;0.0;0.0;0.0;0
2025-10-08 12:42:07,395 - INFO - 517517000;0;2;0.0;21.0;6.0;0.0;0.0;0.0;0.0;0.0;0
2025-10-08 12:42:08,414 - INFO - 518517000;0;2;0.0;21.0;6.0;0.0;0.0;0.0;0.0;0.0;0
2025-10-08 12:42:09,408 - INFO - 519517000;0;2;0.0;21.0;6.0;0.0;0.0;0.0;0.0;0.0;0
2025-10-08 12:42:10,415 - INFO - 520517000;0;2;0.0;22.0;6.0;0.0;0.0;0.0;0.0;0.0;0
2025-10-08 12:42:11,401 - INFO - 521517000;0;2;0.0;21.0;6.0;0.0;0.0;0.0;0.0;0.0;0
2025-10-08 12:42:12,403 - INFO - 522517000;0;2;0.0;21.0;6.0;0.0;0.0;0.0;0.0;0.0;0
2025-10-08 12:42:13,419 - INFO - 523517000;0;2;0.0;22.0;6.0;0.0;0.0;0.0;0.0;0.0;0
2025-10-08 12:42:14,408 - INFO - 524517000;0;2;0.0;22.0;6.0;0.0;0.0;0.0;0.0;0.0;0
2025-10-08 12:42:15,418 - INFO - 525517000;0;2;0.0;21.0;6.0;0.0;0.0;0.0;0.0;0.0;0
2025-10-08 12:42:16,410 - INFO - 526517000;0;2;0.0;22.0;6.0;0.0;0.0;0.0;0.0;0.0;0
2025-10-08 12:42:17,411 - INFO - 527517000;0;2;0.0;22.0;6.0;0.0;0.0;0.0;0.0;0.0;0
2025-10-08 12:42:18,415 - INFO - 528517000;0;2;0.0;22.0;6.0;0.0;0.0;0.0;0.0;0.0;0
2025-10-08 12:42:19,417 - INFO - 529517000;0;2;0.0;21.0;6.0;0.0;0.0;0.0;0.0;0.0;0
2025-10-08 12:42:20,422 - INFO - 530517000;0;2;0.0;21.0;6.0;0.0;0.0;0.0;0.0;0.0;0
2025-10-08 12:42:21,418 - INFO - 531517000;0;2;0.0;22.0;6.0;0.0;0.0;0.0;0.0;0.0;0
2025-10-08 12:42:22,422 - INFO - 532517000;0;2;0.0;22.0;6.0;0.0;0.0;0.0;0.0;0.0;0
2025-10-08 12:42:23,423 - INFO - 533517000;0;2;0.0;22.0;6.0;0.0;0.0;0.0;0.0;0.0;0
2025-10-08 12:42:24,425 - INFO - 534517000;0;2;0.0;22.0;6.0;0.0;0.0;0.0;0.0;0.0;0
2025-10-08 12:42:25,427 - INFO - 535517000;0;2;0.0;22.0;6.0;0.0;0.0;0.0;0.0;0.0;0
2025-10-08 12:42:26,425 - INFO - 536517000;0;2;0.0;22.0;6.0;0.0;0.0;0.0;0.0;0.0;0
2025-10-08 12:42:27,435 - INFO - 537517000;0;2;0.0;22.0;6.0;0.0;0.0;0.0;0.0;0.0;0
2025-10-08 12:42:28,425 - INFO - 538517000;0;2;0.0;22.0;6.0;0.0;0.0;0.0;0.0;0.0;0
2025-10-08 12:42:29,434 - INFO - 539517000;0;2;0.0;22.0;6.0;0.0;0.0;0.0;0.0;0.0;0
2025-10-08 12:42:30,434 - INFO - 540517000;0;2;0.0;22.0;6.0;0.0;0.0;0.0;0.0;0.0;0
2025-10-08 12:42:31,435 - INFO - 541517000;0;2;0.0;22.0;6.0;0.0;0.0;0.0;0.0;0.0;0
2025-10-08 12:42:32,437 - INFO - 542517000;0;2;0.0;22.0;6.0;0.0;0.0;0.0;0.0;0.0;0
2025-10-08 12:42:33,440 - INFO - 543517000;0;2;0.0;22.0;6.0;0.0;0.0;0.0;0.0;0.0;0
2025-10-08 12:42:34,439 - INFO - 544517000;0;2;0.0;22.0;6.0;0.0;0.0;0.0;0.0;0.0;0
2025-10-08 12:42:35,441 - INFO - 545517000;0;2;0.0;22.0;6.0;0.0;0.0;0.0;0.0;0.0;0
2025-10-08 12:42:36,450 - INFO - 546517000;0;2;0.0;22.0;6.0;0.0;0.0;0.0;0.0;0.0;0
2025-10-08 12:42:37,451 - INFO - 547517000;0;2;0.0;22.0;6.0;0.0;0.0;0.0;0.0;0.0;0
2025-10-08 12:42:38,453 - INFO - 548517000;0;2;0.0;22.0;6.0;0.0;0.0;0.0;0.0;0.0;0
2025-10-08 12:42:39,449 - INFO - 549517000;0;2;0.0;22.0;6.0;0.0;0.0;0.0;0.0;0.0;0
2025-10-08 12:42:40,451 - INFO - 550517000;0;2;0.0;22.0;6.0;0.0;0.0;0.0;0.0;0.0;0
2025-10-08 12:42:41,451 - INFO - 551517000;0;2;0.0;22.0;6.0;0.0;0.0;0.0;0.0;0.0;0
2025-10-08 12:42:42,456 - INFO - 552517000;0;2;0.0;22.0;6.0;0.0;0.0;0.0;0.0;0.0;0
2025-10-08 12:42:43,458 - INFO - 553517000;0;2;0.0;22.0;6.0;0.0;0.0;0.0;0.0;0.0;0
2025-10-08 12:42:44,458 - INFO - 554517000;0;2;0.0;22.0;6.0;0.0;0.0;0.0;0.0;0.0;0
2025-10-08 12:42:45,459 - INFO - 555517000;0;2;0.0;21.0;6.0;0.0;0.0;0.0;0.0;0.0;0
2025-10-08 12:42:46,458 - INFO - 556517000;0;2;0.0;22.0;6.0;0.0;0.0;0.0;0.0;0.0;0
2025-10-08 12:42:47,471 - INFO - 557517000;0;2;0.0;22.0;6.0;0.0;0.0;0.0;0.0;0.0;0
2025-10-08 12:42:48,458 - INFO - 558517000;0;2;0.0;22.0;6.0;0.0;0.0;0.0;0.0;0.0;0
2025-10-08 12:42:49,460 - INFO - 559517000;0;2;0.0;21.0;6.0;0.0;0.0;0.0;0.0;0.0;0
2025-10-08 12:42:50,467 - INFO - 560517000;0;2;0.0;22.0;6.0;0.0;0.0;0.0;0.0;0.0;0
2025-10-08 12:42:51,466 - INFO - 561517000;0;2;0.0;22.0;6.0;0.0;0.0;0.0;0.0;0.0;0
2025-10-08 12:42:52,482 - INFO - 562517000;0;2;0.0;21.0;6.0;0.0;0.0;0.0;0.0;0.0;0
2025-10-08 12:42:53,466 - INFO - 563517000;0;2;0.0;21.0;6.0;0.0;0.0;0.0;0.0;0.0;0
2025-10-08 12:42:54,480 - INFO - 564517000;0;2;0.0;22.0;6.0;0.0;0.0;0.0;0.0;0.0;0
2025-10-08 12:42:55,473 - INFO - 565517000;0;2;0.0;21.0;6.0;0.0;0.0;0.0;0.0;0.0;0
2025-10-08 12:42:56,477 - INFO - 566517000;0;2;0.0;22.0;6.0;0.0;0.0;0.0;0.0;0.0;0
2025-10-08 12:42:57,472 - INFO - 567517000;0;2;0.0;21.0;6.0;0.0;0.0;0.0;0.0;0.0;0
2025-10-08 12:42:58,489 - INFO - 568517000;0;2;0.0;22.0;6.0;0.0;0.0;0.0;0.0;0.0;0
2025-10-08 12:42:59,476 - INFO - 569517000;0;2;0.0;22.0;6.0;0.0;0.0;0.0;0.0;0.0;0
2025-10-08 12:43:00,482 - INFO - 570517000;0;2;0.0;21.0;6.0;0.0;0.0;0.0;0.0;0.0;0
2025-10-08 12:43:01,493 - INFO - 571517000;0;2;0.0;22.0;6.0;0.0;0.0;0.0;0.0;0.0;0
2025-10-08 12:43:02,486 - INFO - 572517000;0;2;0.0;21.0;6.0;0.0;0.0;0.0;0.0;0.0;0
2025-10-08 12:43:03,494 - INFO - 573517000;0;2;0.0;22.0;6.0;0.0;0.0;0.0;0.0;0.0;0
2025-10-08 12:43:04,495 - INFO - 574517000;0;2;0.0;22.0;6.0;0.0;0.0;0.0;0.0;0.0;0
2025-10-08 12:43:05,493 - INFO - 575517000;0;2;0.0;21.0;6.0;0.0;0.0;0.0;0.0;0.0;0
2025-10-08 12:43:06,493 - INFO - 576517000;0;2;0.0;22.0;6.0;0.0;0.0;0.0;0.0;0.0;0
2025-10-08 12:43:07,495 - INFO - 577517000;0;2;0.0;22.0;6.0;0.0;0.0;0.0;0.0;0.0;0
2025-10-08 12:43:08,509 - INFO - 578517000;0;2;0.0;22.0;6.0;0.0;0.0;0.0;0.0;0.0;0
2025-10-08 12:43:09,506 - INFO - 579517000;0;2;0.0;22.0;6.0;0.0;0.0;0.0;0.0;0.0;0
2025-10-08 12:43:10,500 - INFO - 580517000;0;2;0.0;22.0;6.0;0.0;0.0;0.0;0.0;0.0;0
2025-10-08 12:43:11,502 - INFO - 581517000;0;2;0.0;22.0;6.0;0.0;0.0;0.0;0.0;0.0;0
2025-10-08 12:43:12,503 - INFO - 582517000;0;2;0.0;22.0;6.0;0.0;0.0;0.0;0.0;0.0;0
2025-10-08 12:43:13,515 - INFO - 583517000;0;2;0.0;22.0;6.0;0.0;0.0;0.0;0.0;0.0;0
2025-10-08 12:43:14,504 - INFO - 584517000;0;2;0.0;21.0;6.0;0.0;0.0;0.0;0.0;0.0;0
2025-10-08 12:43:15,521 - INFO - 585517000;0;2;0.0;22.0;6.0;0.0;0.0;0.0;0.0;0.0;0
2025-10-08 12:43:16,509 - INFO - 586517000;0;2;0.0;22.0;6.0;0.0;0.0;0.0;0.0;0.0;0
                                                                                                                                                                                                                                                                                                                                                                                                                                                                                                                                                                                                                                                                                                                                                                                                                                                                                                                                                                                                                                                                                                                 2025-10-08 12:43:44,906 - INFO - 13531000;0;0;0.0;0.0;0.0;0.0;0.0;0.0;0.0;0.0;0
2025-10-08 12:43:45,897 - INFO - 14531000;0;0;0.0;0.0;0.0;0.0;0.0;0.0;0.0;0.0;0
2025-10-08 12:43:46,888 - INFO - 15531000;0;0;0.0;0.0;0.0;0.0;0.0;0.0;0.0;0.0;0
2025-10-08 12:43:47,896 - INFO - 16531000;0;0;0.0;0.0;0.0;0.0;0.0;0.0;0.0;0.0;0
2025-10-08 12:43:48,898 - INFO - 17531000;0;0;0.0;0.0;0.0;0.0;0.0;0.0;0.0;0.0;0
2025-10-08 12:43:49,898 - INFO - 18531000;0;0;0.0;0.0;0.0;0.0;0.0;0.0;0.0;0.0;0
2025-10-08 12:43:50,901 - INFO - 19531000;0;2;0.0;21.0;6.0;0.0;0.0;0.0;0.0;0.0;0
2025-10-08 12:43:51,901 - INFO - 20531000;0;2;0.0;21.0;6.0;0.0;0.0;0.0;0.0;0.0;0
2025-10-08 12:43:52,903 - INFO - 21531000;0;2;0.0;21.0;6.0;0.0;0.0;0.0;0.0;0.0;0
2025-10-08 12:43:53,906 - INFO - 22531000;0;2;0.0;21.0;6.0;0.0;0.0;0.0;0.0;0.0;0
2025-10-08 12:43:54,907 - INFO - 23531000;0;2;0.0;21.0;6.0;0.0;0.0;0.0;0.0;0.0;0
2025-10-08 12:43:55,918 - INFO - 24531000;0;2;0.0;21.0;6.0;0.0;0.0;0.0;0.0;0.0;0
2025-10-08 12:43:56,911 - INFO - 25531000;0;2;0.0;21.0;6.0;0.0;0.0;0.0;0.0;0.0;0
2025-10-08 12:43:57,910 - INFO - 26531000;0;2;0.0;22.0;6.0;0.0;0.0;0.0;0.0;0.0;0
2025-10-08 12:43:58,912 - INFO - 27531000;0;2;0.0;21.0;6.0;0.0;0.0;0.0;0.0;0.0;0
2025-10-08 12:43:59,922 - INFO - 28531000;0;2;0.0;22.0;6.0;0.0;0.0;0.0;0.0;0.0;0
2025-10-08 12:44:00,870 - INFO - 29471000;0;2;0.0;22.0;6.0;0.0;0.0;0.0;0.0;0.0;0
2025-10-08 12:44:01,899 - INFO - 30511000;0;2;0.0;21.0;6.0;0.0;0.0;0.0;0.0;0.0;0
2025-10-08 12:44:02,873 - INFO - 31471000;0;2;0.0;21.0;6.0;0.0;0.0;0.0;0.0;0.0;0
2025-10-08 12:44:03,875 - INFO - 32471000;0;2;0.0;21.0;6.0;0.0;0.0;0.0;0.0;0.0;0
2025-10-08 12:44:04,877 - INFO - 33471000;0;2;0.0;22.0;6.0;0.0;0.0;0.0;0.0;0.0;0
2025-10-08 12:44:05,878 - INFO - 34471000;0;2;0.0;21.0;6.0;0.0;0.0;0.0;0.0;0.0;0
2025-10-08 12:44:06,880 - INFO - 35471000;0;2;0.0;21.0;6.0;0.0;0.0;0.0;0.0;0.0;0
2025-10-08 12:44:07,882 - INFO - 36471000;0;2;0.0;21.0;6.0;0.0;0.0;0.0;0.0;0.0;0
2025-10-08 12:45:37,329 - INFO - 37471000;0;2;0.0;21.0;6.0;0.0;0.0;0.0;0.0;0.0;0
2025-10-08 12:45:38,330 - INFO - 38471000;0;2;0.0;22.0;6.0;0.0;0.0;0.0;0.0;0.0;0
2025-10-08 12:45:39,332 - INFO - 39471000;0;2;0.0;21.0;6.0;0.0;0.0;0.0;0.0;0.0;0
2025-10-08 12:45:40,333 - INFO - 40471000;0;2;0.0;22.0;6.0;0.0;0.0;0.0;0.0;0.0;0
2025-10-08 12:45:41,335 - INFO - 41471000;0;2;0.0;21.0;6.0;0.0;0.0;0.0;0.0;0.0;0
2025-10-08 12:45:42,338 - INFO - 42471000;0;2;0.0;21.0;6.0;0.0;0.0;0.0;0.0;0.0;0
2025-10-08 12:45:43,340 - INFO - 43471000;0;2;0.0;21.0;6.0;0.0;0.0;0.0;0.0;0.0;0
2025-10-08 12:45:44,391 - INFO - 44531000;0;2;0.0;22.0;6.0;0.0;0.0;0.0;0.0;0.0;0
2025-10-08 12:45:45,385 - INFO - 45531000;0;2;0.0;21.0;6.0;0.0;0.0;0.0;0.0;0.0;0
2025-10-08 12:45:46,390 - INFO - 46531000;0;2;0.0;21.0;6.0;0.0;0.0;0.0;0.0;0.0;0
2025-10-08 12:45:47,392 - INFO - 47531000;0;2;0.0;22.0;6.0;0.0;0.0;0.0;0.0;0.0;0
2025-10-08 12:45:48,389 - INFO - 48531000;0;2;0.0;22.0;6.0;0.0;0.0;0.0;0.0;0.0;0
2025-10-08 12:45:49,392 - INFO - 49531000;0;2;0.0;22.0;6.0;0.0;0.0;0.0;0.0;0.0;0
2025-10-08 12:45:50,408 - INFO - 50531000;0;2;0.0;22.0;6.0;0.0;0.0;0.0;0.0;0.0;0
2025-10-08 12:45:51,391 - INFO - 51531000;0;2;0.0;22.0;6.0;0.0;0.0;0.0;0.0;0.0;0
2025-10-08 12:45:52,398 - INFO - 52531000;0;2;0.0;21.0;6.0;0.0;0.0;0.0;0.0;0.0;0
2025-10-08 12:45:53,397 - INFO - 53531000;0;2;0.0;22.0;6.0;0.0;0.0;0.0;0.0;0.0;0
2025-10-08 12:45:54,410 - INFO - 54531000;0;2;0.0;22.0;6.0;0.0;0.0;0.0;0.0;0.0;0
2025-10-08 12:45:55,404 - INFO - 55531000;0;2;0.0;22.0;6.0;0.0;0.0;0.0;0.0;0.0;0
2025-10-08 12:45:56,400 - INFO - 56531000;0;2;0.0;22.0;6.0;0.0;0.0;0.0;0.0;0.0;0
2025-10-08 12:45:57,408 - INFO - 57531000;0;2;0.0;21.0;6.0;0.0;0.0;0.0;0.0;0.0;0
2025-10-08 12:45:58,410 - INFO - 58531000;0;2;0.0;21.0;6.0;0.0;0.0;0.0;0.0;0.0;0
2025-10-08 12:45:59,411 - INFO - 59531000;0;2;0.0;21.0;6.0;0.0;0.0;0.0;0.0;0.0;0
2025-10-08 12:46:00,410 - INFO - 60531000;0;2;0.0;22.0;6.0;0.0;0.0;0.0;0.0;0.0;0
2025-10-08 12:46:01,412 - INFO - 61531000;0;2;0.0;22.0;6.0;0.0;0.0;0.0;0.0;0.0;0
2025-10-08 12:46:02,423 - INFO - 62531000;0;2;0.0;21.0;6.0;0.0;0.0;0.0;0.0;0.0;0
2025-10-08 12:46:03,425 - INFO - 63531000;0;2;0.0;21.0;6.0;0.0;0.0;0.0;0.0;0.0;0
2025-10-08 12:46:04,418 - INFO - 64531000;0;2;0.0;22.0;6.0;0.0;0.0;0.0;0.0;0.0;0
2025-10-08 12:46:05,430 - INFO - 65531000;0;2;0.0;22.0;6.0;0.0;0.0;0.0;0.0;0.0;0
2025-10-08 12:46:06,422 - INFO - 66531000;0;2;0.0;22.0;6.0;0.0;0.0;0.0;0.0;0.0;0
2025-10-08 12:46:07,425 - INFO - 67531000;0;2;0.0;22.0;6.0;0.0;0.0;0.0;0.0;0.0;0
2025-10-08 12:46:08,438 - INFO - 68531000;0;2;0.0;22.0;6.0;0.0;0.0;0.0;0.0;0.0;0
2025-10-08 12:46:09,429 - INFO - 69531000;0;2;0.0;21.0;6.0;0.0;0.0;0.0;0.0;0.0;0
2025-10-08 12:46:10,437 - INFO - 70531000;0;2;0.0;21.0;6.0;0.0;0.0;0.0;0.0;0.0;0
2025-10-08 12:46:11,424 - INFO - 71531000;0;2;0.0;22.0;6.0;0.0;0.0;0.0;0.0;0.0;0
2025-10-08 12:46:12,440 - INFO - 72531000;0;2;0.0;22.0;6.0;0.0;0.0;0.0;0.0;0.0;0
2025-10-08 12:46:13,439 - INFO - 73531000;0;2;0.0;22.0;6.0;0.0;0.0;0.0;0.0;0.0;0
2025-10-08 12:46:14,433 - INFO - 74531000;0;2;0.0;22.0;6.0;0.0;0.0;0.0;0.0;0.0;0
2025-10-08 12:46:15,431 - INFO - 75531000;0;2;0.0;22.0;6.0;0.0;0.0;0.0;0.0;0.0;0
2025-10-08 12:46:16,440 - INFO - 76531000;0;2;0.0;22.0;6.0;0.0;0.0;0.0;0.0;0.0;0
2025-10-08 12:46:17,438 - INFO - 77531000;0;2;0.0;22.0;6.0;0.0;0.0;0.0;0.0;0.0;0
2025-10-08 12:46:18,440 - INFO - 78531000;0;2;0.0;22.0;6.0;0.0;0.0;0.0;0.0;0.0;0
2025-10-08 12:46:19,444 - INFO - 79531000;0;2;0.0;22.0;6.0;0.0;0.0;0.0;0.0;0.0;0
2025-10-08 12:46:20,447 - INFO - 80531000;0;2;0.0;22.0;6.0;0.0;0.0;0.0;0.0;0.0;0
2025-10-08 12:46:21,447 - INFO - 81531000;0;2;0.0;22.0;6.0;0.0;0.0;0.0;0.0;0.0;0
2025-10-08 12:46:22,462 - INFO - 82531000;0;2;0.0;22.0;6.0;0.0;0.0;0.0;0.0;0.0;0
2025-10-08 12:46:23,450 - INFO - 83531000;0;2;0.0;22.0;6.0;0.0;0.0;0.0;0.0;0.0;0
2025-10-08 12:46:24,464 - INFO - 84531000;0;2;0.0;22.0;6.0;0.0;0.0;0.0;0.0;0.0;0
2025-10-08 12:46:25,459 - INFO - 85531000;0;2;0.0;22.0;6.0;0.0;0.0;0.0;0.0;0.0;0
2025-10-08 12:46:26,453 - INFO - 86531000;0;2;0.0;22.0;6.0;0.0;0.0;0.0;0.0;0.0;0
2025-10-08 12:46:27,463 - INFO - 87531000;0;2;0.0;22.0;6.0;0.0;0.0;0.0;0.0;0.0;0
2025-10-08 12:46:28,458 - INFO - 88531000;0;2;0.0;22.0;6.0;0.0;0.0;0.0;0.0;0.0;0
2025-10-08 12:46:29,473 - INFO - 89531000;0;2;0.0;22.0;6.0;0.0;0.0;0.0;0.0;0.0;0
2025-10-08 12:46:30,443 - INFO - 90511000;0;2;0.0;22.0;6.0;0.0;0.0;0.0;0.0;0.0;0
2025-10-08 12:46:31,418 - INFO - 91471000;0;2;0.0;22.0;6.0;0.0;0.0;0.0;0.0;0.0;0
2025-10-08 12:46:32,419 - INFO - 92471000;0;2;0.0;21.0;6.0;0.0;0.0;0.0;0.0;0.0;0
2025-10-08 12:46:33,421 - INFO - 93471000;0;2;0.0;22.0;6.0;0.0;0.0;0.0;0.0;0.0;0
2025-10-08 12:46:34,422 - INFO - 94471000;0;2;0.0;22.0;6.0;0.0;0.0;0.0;0.0;0.0;0
2025-10-08 12:46:35,424 - INFO - 95471000;0;2;0.0;21.0;6.0;0.0;0.0;0.0;0.0;0.0;0
2025-10-08 12:46:36,426 - INFO - 96471000;0;2;0.0;22.0;6.0;0.0;0.0;0.0;0.0;0.0;0
2025-10-08 12:46:37,429 - INFO - 97471000;0;2;0.0;22.0;6.0;0.0;0.0;0.0;0.0;0.0;0
2025-10-08 12:46:38,430 - INFO - 98471000;0;2;0.0;21.0;6.0;0.0;0.0;0.0;0.0;0.0;0
2025-10-08 12:46:39,431 - INFO - 99471000;0;2;0.0;22.0;6.0;0.0;0.0;0.0;0.0;0.0;0
2025-10-08 12:46:40,432 - INFO - 100471000;0;2;0.0;22.0;6.0;0.0;0.0;0.0;0.0;0.0;0
2025-10-08 12:46:41,435 - INFO - 101471000;0;2;0.0;22.0;6.0;0.0;0.0;0.0;0.0;0.0;0
2025-10-08 12:46:42,437 - INFO - 102471000;0;2;0.0;21.0;6.0;0.0;0.0;0.0;0.0;0.0;0
2025-10-08 12:46:43,438 - INFO - 103471000;0;2;0.0;22.0;6.0;0.0;0.0;0.0;0.0;0.0;0
2025-10-08 12:46:44,439 - INFO - 104471000;0;2;0.0;22.0;6.0;0.0;0.0;0.0;0.0;0.0;0
2025-10-08 12:46:45,488 - INFO - 105531000;0;2;0.0;22.0;6.0;0.0;0.0;0.0;0.0;0.0;0
2025-10-08 12:46:46,486 - INFO - 106531000;0;2;0.0;22.0;6.0;0.0;0.0;0.0;0.0;0.0;0
2025-10-08 12:46:47,488 - INFO - 107531000;0;2;0.0;22.0;6.0;0.0;0.0;0.0;0.0;0.0;0
2025-10-08 12:46:48,500 - INFO - 108531000;0;2;0.0;22.0;6.0;0.0;0.0;0.0;0.0;0.0;0
2025-10-08 12:46:49,497 - INFO - 109531000;0;2;0.0;21.0;6.0;0.0;0.0;0.0;0.0;0.0;0
2025-10-08 12:46:50,497 - INFO - 110531000;0;2;0.0;22.0;6.0;0.0;0.0;0.0;0.0;0.0;0
2025-10-08 12:46:51,498 - INFO - 111531000;0;2;0.0;22.0;6.0;0.0;0.0;0.0;0.0;0.0;0
2025-10-08 12:46:52,497 - INFO - 112531000;0;2;0.0;22.0;6.0;0.0;0.0;0.0;0.0;0.0;0
2025-10-08 12:46:53,501 - INFO - 113531000;0;2;0.0;22.0;6.0;0.0;0.0;0.0;0.0;0.0;0
2025-10-08 12:46:54,496 - INFO - 114531000;0;2;0.0;22.0;6.0;0.0;0.0;0.0;0.0;0.0;0
2025-10-08 12:46:55,511 - INFO - 115531000;0;2;0.0;22.0;6.0;0.0;0.0;0.0;0.0;0.0;0
2025-10-08 12:46:56,506 - INFO - 116531000;0;2;0.0;22.0;6.0;0.0;0.0;0.0;0.0;0.0;0
2025-10-08 12:46:57,508 - INFO - 117531000;0;2;0.0;22.0;6.0;0.0;0.0;0.0;0.0;0.0;0
2025-10-08 12:46:58,522 - INFO - 118531000;0;2;0.0;22.0;6.0;0.0;0.0;0.0;0.0;0.0;0
2025-10-08 12:46:59,510 - INFO - 119531000;0;2;0.0;22.0;6.0;0.0;0.0;0.0;0.0;0.0;0
2025-10-08 12:47:00,520 - INFO - 120531000;0;2;0.0;22.0;6.0;0.0;0.0;0.0;0.0;0.0;0
2025-10-08 12:47:01,521 - INFO - 121531000;0;2;0.0;22.0;6.0;0.0;0.0;0.0;0.0;0.0;0
2025-10-08 12:47:02,513 - INFO - 122531000;0;2;0.0;22.0;6.0;0.0;0.0;0.0;0.0;0.0;0
2025-10-08 12:47:03,522 - INFO - 123531000;0;2;0.0;22.0;6.0;0.0;0.0;0.0;0.0;0.0;0
2025-10-08 12:47:04,519 - INFO - 124531000;0;2;0.0;22.0;6.0;0.0;0.0;0.0;0.0;0.0;0
2025-10-08 12:47:05,525 - INFO - 125531000;0;2;0.0;22.0;6.0;0.0;0.0;0.0;0.0;0.0;0
2025-10-08 12:47:06,530 - INFO - 126531000;0;2;0.0;22.0;6.0;0.0;0.0;0.0;0.0;0.0;0
2025-10-08 12:47:07,521 - INFO - 127531000;0;2;0.0;22.0;6.0;0.0;0.0;0.0;0.0;0.0;0
2025-10-08 12:47:08,519 - INFO - 128531000;0;2;0.0;22.0;6.0;0.0;0.0;0.0;0.0;0.0;0
2025-10-08 12:47:09,525 - INFO - 129531000;0;2;0.0;22.0;6.0;0.0;0.0;0.0;0.0;0.0;0
2025-10-08 12:47:10,530 - INFO - 130531000;0;2;0.0;22.0;6.0;0.0;0.0;0.0;0.0;0.0;0
2025-10-08 12:47:11,535 - INFO - 131531000;0;2;0.0;21.0;6.0;0.0;0.0;0.0;0.0;0.0;0
2025-10-08 12:47:12,543 - INFO - 132531000;0;2;0.0;22.0;6.0;0.0;0.0;0.0;0.0;0.0;0
2025-10-08 12:47:13,486 - INFO - 133471000;0;2;0.0;22.0;6.0;0.0;0.0;0.0;0.0;0.0;0
2025-10-08 12:47:14,488 - INFO - 134471000;0;2;0.0;22.0;6.0;0.0;0.0;0.0;0.0;0.0;0
2025-10-08 12:47:15,489 - INFO - 135471000;0;2;0.0;22.0;6.0;0.0;0.0;0.0;0.0;0.0;0
2025-10-08 12:47:16,490 - INFO - 136471000;0;2;0.0;22.0;6.0;0.0;0.0;0.0;0.0;0.0;0
2025-10-08 12:47:17,492 - INFO - 137471000;0;2;0.0;22.0;6.0;0.0;0.0;0.0;0.0;0.0;0
2025-10-08 12:47:18,496 - INFO - 138471000;0;2;0.0;22.0;6.0;0.0;0.0;0.0;0.0;0.0;0
2025-10-08 12:47:19,495 - INFO - 139471000;0;2;0.0;22.0;6.0;0.0;0.0;0.0;0.0;0.0;0
2025-10-08 12:47:20,497 - INFO - 140471000;0;2;0.0;22.0;6.0;0.0;0.0;0.0;0.0;0.0;0
2025-10-08 12:47:21,498 - INFO - 141471000;0;2;0.0;22.0;6.0;0.0;0.0;0.0;0.0;0.0;0
2025-10-08 12:47:22,500 - INFO - 142471000;0;2;0.0;22.0;6.0;0.0;0.0;0.0;0.0;0.0;0
2025-10-08 12:47:23,501 - INFO - 143471000;0;2;0.0;22.0;6.0;0.0;0.0;0.0;0.0;0.0;0
2025-10-08 12:47:24,504 - INFO - 144471000;0;2;0.0;22.0;6.0;0.0;0.0;0.0;0.0;0.0;0
2025-10-08 12:47:25,504 - INFO - 145471000;0;2;0.0;22.0;6.0;0.0;0.0;0.0;0.0;0.0;0
2025-10-08 12:47:26,505 - INFO - 146471000;0;2;0.0;22.0;6.0;0.0;0.0;0.0;0.0;0.0;0
2025-10-08 12:47:27,508 - INFO - 147471000;0;2;0.0;22.0;6.0;0.0;0.0;0.0;0.0;0.0;0
2025-10-08 12:47:28,556 - INFO - 148531000;0;2;0.0;22.0;6.0;0.0;0.0;0.0;0.0;0.0;0
2025-10-08 12:47:29,564 - INFO - 149531000;0;2;0.0;22.0;6.0;0.0;0.0;0.0;0.0;0.0;0
2025-10-08 12:47:30,557 - INFO - 150531000;0;2;0.0;22.0;6.0;0.0;0.0;0.0;0.0;0.0;0
2025-10-08 12:47:31,559 - INFO - 151531000;0;2;0.0;22.0;6.0;0.0;0.0;0.0;0.0;0.0;0
2025-10-08 12:47:32,559 - INFO - 152531000;0;2;0.0;22.0;6.0;0.0;0.0;0.0;0.0;0.0;0
2025-10-08 12:47:33,556 - INFO - 153531000;0;2;0.0;22.0;6.0;0.0;0.0;0.0;0.0;0.0;0
2025-10-08 12:47:34,564 - INFO - 154531000;0;2;0.0;22.0;6.0;0.0;0.0;0.0;0.0;0.0;0
2025-10-08 12:47:35,565 - INFO - 155531000;0;2;0.0;22.0;6.0;0.0;0.0;0.0;0.0;0.0;0
2025-10-08 12:47:36,560 - INFO - 156530000;0;2;0.0;22.0;6.0;0.0;0.0;0.0;0.0;0.0;0
2025-10-08 12:47:37,569 - INFO - 157531000;0;2;0.0;22.0;6.0;0.0;0.0;0.0;0.0;0.0;0
2025-10-08 12:47:38,578 - INFO - 158531000;0;2;0.0;22.0;6.0;0.0;0.0;0.0;0.0;0.0;0
2025-10-08 12:47:39,572 - INFO - 159531000;0;2;0.0;22.0;6.0;0.0;0.0;0.0;0.0;0.0;0
2025-10-08 12:47:40,574 - INFO - 160531000;0;2;0.0;22.0;6.0;0.0;0.0;0.0;0.0;0.0;0
2025-10-08 12:47:41,574 - INFO - 161531000;0;2;0.0;22.0;6.0;0.0;0.0;0.0;0.0;0.0;0
2025-10-08 12:47:42,575 - INFO - 162531000;0;2;0.0;22.0;6.0;0.0;0.0;0.0;0.0;0.0;0
2025-10-08 12:47:43,585 - INFO - 163531000;0;2;0.0;22.0;6.0;0.0;0.0;0.0;0.0;0.0;0
2025-10-08 12:47:44,580 - INFO - 164531000;0;2;0.0;22.0;6.0;0.0;0.0;0.0;0.0;0.0;0
2025-10-08 12:47:45,579 - INFO - 165531000;0;2;0.0;22.0;6.0;0.0;0.0;0.0;0.0;0.0;0
2025-10-08 12:47:46,582 - INFO - 166531000;0;2;0.0;22.0;6.0;0.0;0.0;0.0;0.0;0.0;0
2025-10-08 12:47:47,589 - INFO - 167531000;0;2;0.0;22.0;6.0;0.0;0.0;0.0;0.0;0.0;0
2025-10-08 12:47:48,583 - INFO - 168531000;0;2;0.0;22.0;6.0;0.0;0.0;0.0;0.0;0.0;0
2025-10-08 12:47:49,588 - INFO - 169531000;0;2;0.0;22.0;6.0;0.0;0.0;0.0;0.0;0.0;0
2025-10-08 12:47:50,597 - INFO - 170531000;0;2;0.0;22.0;6.0;0.0;0.0;0.0;0.0;0.0;0
2025-10-08 12:47:51,583 - INFO - 171531000;0;2;0.0;22.0;6.0;0.0;0.0;0.0;0.0;0.0;0
2025-10-08 12:47:52,585 - INFO - 172531000;0;2;0.0;22.0;6.0;0.0;0.0;0.0;0.0;0.0;0
2025-10-08 12:47:53,594 - INFO - 173531000;0;2;0.0;22.0;6.0;0.0;0.0;0.0;0.0;0.0;0
2025-10-08 12:47:54,604 - INFO - 174531000;0;2;0.0;22.0;6.0;0.0;0.0;0.0;0.0;0.0;0
2025-10-08 12:47:55,601 - INFO - 175531000;0;2;0.0;22.0;6.0;0.0;0.0;0.0;0.0;0.0;0
2025-10-08 12:47:56,605 - INFO - 176531000;0;2;0.0;22.0;6.0;0.0;0.0;0.0;0.0;0.0;0
2025-10-08 12:47:57,607 - INFO - 177531000;0;2;0.0;22.0;6.0;0.0;0.0;0.0;0.0;0.0;0
2025-10-08 12:47:58,598 - INFO - 178530000;0;2;0.0;22.0;6.0;0.0;0.0;0.0;0.0;0.0;0
2025-10-08 12:47:59,607 - INFO - 179531000;0;2;0.0;22.0;6.0;0.0;0.0;0.0;0.0;0.0;0
2025-10-08 12:48:00,605 - INFO - 180531000;0;2;0.0;22.0;6.0;0.0;0.0;0.0;0.0;0.0;0
2025-10-08 12:48:01,604 - INFO - 181531000;0;2;0.0;22.0;6.0;0.0;0.0;0.0;0.0;0.0;0
2025-10-08 12:48:02,615 - INFO - 182531000;0;2;0.0;22.0;6.0;0.0;0.0;0.0;0.0;0.0;0
2025-10-08 12:48:03,611 - INFO - 183531000;0;2;0.0;22.0;6.0;0.0;0.0;0.0;0.0;0.0;0
2025-10-08 12:48:04,609 - INFO - 184531000;0;2;0.0;22.0;6.0;0.0;0.0;0.0;0.0;0.0;0
2025-10-08 12:48:05,611 - INFO - 185531000;0;2;0.0;22.0;6.0;0.0;0.0;0.0;0.0;0.0;0
2025-10-08 12:48:06,618 - INFO - 186531000;0;2;0.0;22.0;6.0;0.0;0.0;0.0;0.0;0.0;0
2025-10-08 12:48:07,627 - INFO - 187531000;0;2;0.0;22.0;6.0;0.0;0.0;0.0;0.0;0.0;0
2025-10-08 12:48:08,614 - INFO - 188531000;0;2;0.0;22.0;6.0;0.0;0.0;0.0;0.0;0.0;0
2025-10-08 12:48:09,617 - INFO - 189531000;0;2;0.0;22.0;6.0;0.0;0.0;0.0;0.0;0.0;0
2025-10-08 12:48:10,625 - INFO - 190531000;0;2;0.0;22.0;6.0;0.0;0.0;0.0;0.0;0.0;0
2025-10-08 12:48:11,629 - INFO - 191531000;0;2;0.0;22.0;6.0;0.0;0.0;0.0;0.0;0.0;0
2025-10-08 12:48:12,629 - INFO - 192531000;0;2;0.0;22.0;6.0;0.0;0.0;0.0;0.0;0.0;0
2025-10-08 12:48:13,625 - INFO - 193531000;0;2;0.0;22.0;6.0;0.0;0.0;0.0;0.0;0.0;0
2025-10-08 12:48:14,579 - INFO - 194471000;0;2;0.0;22.0;6.0;0.0;0.0;0.0;0.0;0.0;0
2025-10-08 12:48:15,581 - INFO - 195471000;0;2;0.0;22.0;6.0;0.0;0.0;0.0;0.0;0.0;0
2025-10-08 12:48:16,582 - INFO - 196471000;0;2;0.0;22.0;6.0;0.0;0.0;0.0;0.0;0.0;0
2025-10-08 12:48:17,584 - INFO - 197471000;0;2;0.0;22.0;6.0;0.0;0.0;0.0;0.0;0.0;0
2025-10-08 12:48:18,585 - INFO - 198471000;0;2;0.0;22.0;6.0;0.0;0.0;0.0;0.0;0.0;0
2025-10-08 12:48:19,587 - INFO - 199471000;0;2;0.0;22.0;6.0;0.0;0.0;0.0;0.0;0.0;0
2025-10-08 12:48:20,589 - INFO - 200471000;0;2;0.0;22.0;6.0;0.0;0.0;0.0;0.0;0.0;0
2025-10-08 12:48:21,590 - INFO - 201471000;0;2;0.0;22.0;6.0;0.0;0.0;0.0;0.0;0.0;0
2025-10-08 12:48:22,592 - INFO - 202471000;0;2;0.0;22.0;6.0;0.0;0.0;0.0;0.0;0.0;0
2025-10-08 12:48:23,594 - INFO - 203471000;0;2;0.0;22.0;6.0;0.0;0.0;0.0;0.0;0.0;0
2025-10-08 12:48:24,596 - INFO - 204471000;0;2;0.0;22.0;6.0;0.0;0.0;0.0;0.0;0.0;0
2025-10-08 12:48:25,597 - INFO - 205471000;0;2;0.0;22.0;6.0;0.0;0.0;0.0;0.0;0.0;0
2025-10-08 12:48:26,598 - INFO - 206471000;0;2;0.0;22.0;6.0;0.0;0.0;0.0;0.0;0.0;0
2025-10-08 12:48:27,600 - INFO - 207471000;0;2;0.0;22.0;6.0;0.0;0.0;0.0;0.0;0.0;0
2025-10-08 12:48:28,603 - INFO - 208471000;0;2;0.0;22.0;6.0;0.0;0.0;0.0;0.0;0.0;0
2025-10-08 12:48:29,650 - INFO - 209531000;0;2;0.0;22.0;6.0;0.0;0.0;0.0;0.0;0.0;0
2025-10-08 12:48:30,656 - INFO - 210531000;0;2;0.0;22.0;6.0;0.0;0.0;0.0;0.0;0.0;0
2025-10-08 12:48:31,661 - INFO - 211531000;0;2;0.0;22.0;6.0;0.0;0.0;0.0;0.0;0.0;0
2025-10-08 12:48:32,651 - INFO - 212531000;0;2;0.0;22.0;6.0;0.0;0.0;0.0;0.0;0.0;0
2025-10-08 12:48:33,657 - INFO - 213531000;0;2;0.0;22.0;6.0;0.0;0.0;0.0;0.0;0.0;0
2025-10-08 12:48:34,658 - INFO - 214531000;0;2;0.0;22.0;6.0;0.0;0.0;0.0;0.0;0.0;0
2025-10-08 12:48:35,660 - INFO - 215531000;0;2;0.0;22.0;6.0;0.0;0.0;0.0;0.0;0.0;0
2025-10-08 12:48:36,662 - INFO - 216531000;0;2;0.0;22.0;6.0;0.0;0.0;0.0;0.0;0.0;0
2025-10-08 12:48:37,674 - INFO - 217531000;0;2;0.0;22.0;6.0;0.0;0.0;0.0;0.0;0.0;0
2025-10-08 12:48:38,663 - INFO - 218531000;0;2;0.0;22.0;6.0;0.0;0.0;0.0;0.0;0.0;0
2025-10-08 12:48:39,671 - INFO - 219531000;0;2;0.0;22.0;6.0;0.0;0.0;0.0;0.0;0.0;0
2025-10-08 12:48:40,666 - INFO - 220531000;0;2;0.0;22.0;6.0;0.0;0.0;0.0;0.0;0.0;0
2025-10-08 12:48:41,671 - INFO - 221531000;0;2;0.0;22.0;6.0;0.0;0.0;0.0;0.0;0.0;0
2025-10-08 12:48:42,671 - INFO - 222531000;0;2;0.0;22.0;6.0;0.0;0.0;0.0;0.0;0.0;0
2025-10-08 12:48:43,677 - INFO - 223531000;0;2;0.0;22.0;6.0;0.0;0.0;0.0;0.0;0.0;0
2025-10-08 12:48:44,673 - INFO - 224531000;0;2;0.0;22.0;6.0;0.0;0.0;0.0;0.0;0.0;0
2025-10-08 12:48:45,675 - INFO - 225531000;0;2;0.0;22.0;6.0;0.0;0.0;0.0;0.0;0.0;0
2025-10-08 12:48:46,677 - INFO - 226531000;0;2;0.0;22.0;6.0;0.0;0.0;0.0;0.0;0.0;0
2025-10-08 12:48:47,671 - INFO - 227531000;0;2;0.0;22.0;6.0;0.0;0.0;0.0;0.0;0.0;0
2025-10-08 12:48:48,674 - INFO - 228531000;0;2;0.0;22.0;6.0;0.0;0.0;0.0;0.0;0.0;0
2025-10-08 12:48:49,681 - INFO - 229531000;0;2;0.0;22.0;6.0;0.0;0.0;0.0;0.0;0.0;0
2025-10-08 12:48:50,697 - INFO - 230531000;0;2;0.0;22.0;6.0;0.0;0.0;0.0;0.0;0.0;0
2025-10-08 12:48:51,682 - INFO - 231531000;0;2;0.0;22.0;6.0;0.0;0.0;0.0;0.0;0.0;0
2025-10-08 12:48:52,683 - INFO - 232531000;0;2;0.0;22.0;6.0;0.0;0.0;0.0;0.0;0.0;0
2025-10-08 12:48:53,700 - INFO - 233531000;0;2;0.0;22.0;6.0;0.0;0.0;0.0;0.0;0.0;0
2025-10-08 12:48:54,690 - INFO - 234531000;0;2;0.0;22.0;6.0;0.0;0.0;0.0;0.0;0.0;0
2025-10-08 12:48:55,685 - INFO - 235531000;0;2;0.0;22.0;6.0;0.0;0.0;0.0;0.0;0.0;0
2025-10-08 12:48:56,705 - INFO - 236531000;0;2;0.0;22.0;6.0;0.0;0.0;0.0;0.0;0.0;0
2025-10-08 12:48:57,694 - INFO - 237531000;0;2;0.0;22.0;6.0;0.0;0.0;0.0;0.0;0.0;0
2025-10-08 12:48:58,690 - INFO - 238530000;0;2;0.0;22.0;6.0;0.0;0.0;0.0;0.0;0.0;0
2025-10-08 12:48:59,702 - INFO - 239531000;0;2;0.0;22.0;6.0;0.0;0.0;0.0;0.0;0.0;0
2025-10-08 12:49:00,694 - INFO - 240531000;0;2;0.0;22.0;6.0;0.0;0.0;0.0;0.0;0.0;0
2025-10-08 12:49:01,700 - INFO - 241531000;0;2;0.0;22.0;6.0;0.0;0.0;0.0;0.0;0.0;0
2025-10-08 12:49:02,704 - INFO - 242531000;0;2;0.0;22.0;6.0;0.0;0.0;0.0;0.0;0.0;0
2025-10-08 12:49:03,716 - INFO - 243531000;0;2;0.0;22.0;6.0;0.0;0.0;0.0;0.0;0.0;0
2025-10-08 12:49:04,704 - INFO - 244531000;0;2;0.0;22.0;6.0;0.0;0.0;0.0;0.0;0.0;0
2025-10-08 12:49:05,708 - INFO - 245531000;0;2;0.0;22.0;6.0;0.0;0.0;0.0;0.0;0.0;0
2025-10-08 12:49:06,710 - INFO - 246531000;0;2;0.0;22.0;6.0;0.0;0.0;0.0;0.0;0.0;0
2025-10-08 12:49:07,708 - INFO - 247531000;0;2;0.0;22.0;6.0;0.0;0.0;0.0;0.0;0.0;0
2025-10-08 12:49:08,710 - INFO - 248531000;0;2;0.0;22.0;6.0;0.0;0.0;0.0;0.0;0.0;0
2025-10-08 12:49:09,718 - INFO - 249531000;0;2;0.0;22.0;6.0;0.0;0.0;0.0;0.0;0.0;0
2025-10-08 12:49:10,716 - INFO - 250531000;0;2;0.0;22.0;6.0;0.0;0.0;0.0;0.0;0.0;0
2025-10-08 12:49:11,718 - INFO - 251531000;0;2;0.0;22.0;6.0;0.0;0.0;0.0;0.0;0.0;0
2025-10-08 12:49:12,726 - INFO - 252531000;0;2;0.0;22.0;6.0;0.0;0.0;0.0;0.0;0.0;0
2025-10-08 12:49:13,717 - INFO - 253531000;0;2;0.0;23.0;6.0;0.0;0.0;0.0;0.0;0.0;0
2025-10-08 12:49:14,735 - INFO - 254531000;0;2;0.0;22.0;6.0;0.0;0.0;0.0;0.0;0.0;0
2025-10-08 12:49:15,677 - INFO - 255471000;0;2;0.0;22.0;6.0;0.0;0.0;0.0;0.0;0.0;0
2025-10-08 12:49:16,678 - INFO - 256471000;0;2;0.0;22.0;6.0;0.0;0.0;0.0;0.0;0.0;0
2025-10-08 12:49:17,680 - INFO - 257471000;0;2;0.0;22.0;6.0;0.0;0.0;0.0;0.0;0.0;0
2025-10-08 12:49:18,681 - INFO - 258471000;0;2;0.0;22.0;6.0;0.0;0.0;0.0;0.0;0.0;0
2025-10-08 12:49:19,683 - INFO - 259471000;0;2;0.0;22.0;6.0;0.0;0.0;0.0;0.0;0.0;0
2025-10-08 12:49:20,685 - INFO - 260471000;0;2;0.0;22.0;6.0;0.0;0.0;0.0;0.0;0.0;0
2025-10-08 12:49:21,686 - INFO - 261471000;0;2;0.0;23.0;6.0;0.0;0.0;0.0;0.0;0.0;0
2025-10-08 12:49:22,688 - INFO - 262471000;0;2;0.0;22.0;6.0;0.0;0.0;0.0;0.0;0.0;0
2025-10-08 12:49:23,690 - INFO - 263471000;0;2;0.0;22.0;6.0;0.0;0.0;0.0;0.0;0.0;0
2025-10-08 12:49:24,691 - INFO - 264471000;0;2;0.0;22.0;6.0;0.0;0.0;0.0;0.0;0.0;0
2025-10-08 12:49:25,693 - INFO - 265471000;0;2;0.0;23.0;6.0;0.0;0.0;0.0;0.0;0.0;0
2025-10-08 12:49:26,694 - INFO - 266471000;0;2;0.0;22.0;6.0;0.0;0.0;0.0;0.0;0.0;0
2025-10-08 12:49:27,698 - INFO - 267471000;0;2;0.0;22.0;6.0;0.0;0.0;0.0;0.0;0.0;0
2025-10-08 12:49:28,697 - INFO - 268471000;0;2;0.0;22.0;6.0;0.0;0.0;0.0;0.0;0.0;0
2025-10-08 12:49:29,699 - INFO - 269471000;0;2;0.0;22.0;6.0;0.0;0.0;0.0;0.0;0.0;0
2025-10-08 12:49:30,700 - INFO - 270471000;0;2;0.0;22.0;6.0;0.0;0.0;0.0;0.0;0.0;0
2025-10-08 12:49:31,742 - INFO - 271531000;0;2;0.0;22.0;6.0;0.0;0.0;0.0;0.0;0.0;0
2025-10-08 12:49:32,751 - INFO - 272531000;0;2;0.0;23.0;6.0;0.0;0.0;0.0;0.0;0.0;0
2025-10-08 12:49:33,764 - INFO - 273531000;0;2;0.0;22.0;6.0;0.0;0.0;0.0;0.0;0.0;0
2025-10-08 12:49:34,754 - INFO - 274531000;0;2;0.0;22.0;6.0;0.0;0.0;0.0;0.0;0.0;0
2025-10-08 12:49:35,760 - INFO - 275531000;0;2;0.0;23.0;6.0;0.0;0.0;0.0;0.0;0.0;0
2025-10-08 12:49:36,765 - INFO - 276531000;0;2;0.0;23.0;6.0;0.0;0.0;0.0;0.0;0.0;0
2025-10-08 12:49:37,764 - INFO - 277531000;0;2;0.0;22.0;6.0;0.0;0.0;0.0;0.0;0.0;0
2025-10-08 12:49:38,765 - INFO - 278531000;0;2;0.0;23.0;6.0;0.0;0.0;0.0;0.0;0.0;0
2025-10-08 12:49:39,759 - INFO - 279531000;0;2;0.0;23.0;6.0;0.0;0.0;0.0;0.0;0.0;0
2025-10-08 12:49:40,764 - INFO - 280531000;0;2;0.0;23.0;6.0;0.0;0.0;0.0;0.0;0.0;0
2025-10-08 12:49:41,766 - INFO - 281531000;0;2;0.0;22.0;6.0;0.0;0.0;0.0;0.0;0.0;0
2025-10-08 12:49:42,764 - INFO - 282531000;0;2;0.0;23.0;6.0;0.0;0.0;0.0;0.0;0.0;0
2025-10-08 12:49:43,776 - INFO - 283531000;0;2;0.0;22.0;6.0;0.0;0.0;0.0;0.0;0.0;0
2025-10-08 12:49:44,771 - INFO - 284531000;0;2;0.0;22.0;6.0;0.0;0.0;0.0;0.0;0.0;0
2025-10-08 12:49:45,779 - INFO - 285531000;0;2;0.0;22.0;6.0;0.0;0.0;0.0;0.0;0.0;0
2025-10-08 12:49:46,772 - INFO - 286531000;0;2;0.0;22.0;6.0;0.0;0.0;0.0;0.0;0.0;0
2025-10-08 12:49:47,780 - INFO - 287531000;0;2;0.0;22.0;6.0;0.0;0.0;0.0;0.0;0.0;0
2025-10-08 12:49:48,774 - INFO - 288531000;0;2;0.0;22.0;6.0;0.0;0.0;0.0;0.0;0.0;0
2025-10-08 12:49:49,776 - INFO - 289531000;0;2;0.0;22.0;6.0;0.0;0.0;0.0;0.0;0.0;0
2025-10-08 12:49:50,779 - INFO - 290531000;0;2;0.0;23.0;6.0;0.0;0.0;0.0;0.0;0.0;0
2025-10-08 12:49:51,780 - INFO - 291531000;0;2;0.0;22.0;6.0;0.0;0.0;0.0;0.0;0.0;0
2025-10-08 12:49:52,781 - INFO - 292531000;0;2;0.0;22.0;6.0;0.0;0.0;0.0;0.0;0.0;0
2025-10-08 12:49:53,782 - INFO - 293531000;0;2;0.0;22.0;6.0;0.0;0.0;0.0;0.0;0.0;0
2025-10-08 12:49:54,779 - INFO - 294531000;0;2;0.0;23.0;6.0;0.0;0.0;0.0;0.0;0.0;0
2025-10-08 12:49:55,785 - INFO - 295531000;0;2;0.0;22.0;6.0;0.0;0.0;0.0;0.0;0.0;0
2025-10-08 12:49:56,802 - INFO - 296531000;0;2;0.0;22.0;6.0;0.0;0.0;0.0;0.0;0.0;0
2025-10-08 12:49:57,784 - INFO - 297531000;0;2;0.0;22.0;6.0;0.0;0.0;0.0;0.0;0.0;0
2025-10-08 12:49:58,797 - INFO - 298531000;0;2;0.0;22.0;6.0;0.0;0.0;0.0;0.0;0.0;0
2025-10-08 12:49:59,798 - INFO - 299531000;0;2;0.0;22.0;6.0;0.0;0.0;0.0;0.0;0.0;0
2025-10-08 12:50:00,800 - INFO - 300531000;0;2;0.0;22.0;6.0;0.0;0.0;0.0;0.0;0.0;0
2025-10-08 12:50:01,796 - INFO - 301531000;0;2;0.0;22.0;6.0;0.0;0.0;0.0;0.0;0.0;0
2025-10-08 12:50:02,797 - INFO - 302531000;0;2;0.0;22.0;6.0;0.0;0.0;0.0;0.0;0.0;0
2025-10-08 12:50:03,808 - INFO - 303531000;0;2;0.0;23.0;6.0;0.0;0.0;0.0;0.0;0.0;0
2025-10-08 12:50:04,799 - INFO - 304531000;0;2;0.0;23.0;6.0;0.0;0.0;0.0;0.0;0.0;0
2025-10-08 12:50:05,808 - INFO - 305531000;0;2;0.0;23.0;6.0;0.0;0.0;0.0;0.0;0.0;0
2025-10-08 12:50:06,817 - INFO - 306531000;0;2;0.0;23.0;6.0;0.0;0.0;0.0;0.0;0.0;0
2025-10-08 12:50:07,811 - INFO - 307531000;0;2;0.0;22.0;6.0;0.0;0.0;0.0;0.0;0.0;0
2025-10-08 12:50:08,809 - INFO - 308531000;0;2;0.0;22.0;6.0;0.0;0.0;0.0;0.0;0.0;0
2025-10-08 12:50:09,807 - INFO - 309531000;0;2;0.0;22.0;6.0;0.0;0.0;0.0;0.0;0.0;0
2025-10-08 12:50:10,826 - INFO - 310531000;0;2;0.0;22.0;6.0;0.0;0.0;0.0;0.0;0.0;0
2025-10-08 12:50:11,811 - INFO - 311531000;0;2;0.0;22.0;6.0;0.0;0.0;0.0;0.0;0.0;0
2025-10-08 12:50:12,827 - INFO - 312531000;0;2;0.0;22.0;6.0;0.0;0.0;0.0;0.0;0.0;0
2025-10-08 12:50:13,817 - INFO - 313531000;0;2;0.0;22.0;6.0;0.0;0.0;0.0;0.0;0.0;0
2025-10-08 12:50:14,825 - INFO - 314531000;0;2;0.0;22.0;6.0;0.0;0.0;0.0;0.0;0.0;0
2025-10-08 12:50:15,824 - INFO - 315531000;0;2;0.0;22.0;6.0;0.0;0.0;0.0;0.0;0.0;0
2025-10-08 12:50:16,826 - INFO - 316531000;0;2;0.0;22.0;6.0;0.0;0.0;0.0;0.0;0.0;0
2025-10-08 12:50:17,830 - INFO - 317531000;0;2;0.0;22.0;6.0;0.0;0.0;0.0;0.0;0.0;0
2025-10-08 12:50:18,777 - INFO - 318471000;0;2;0.0;23.0;6.0;0.0;0.0;0.0;0.0;0.0;0
2025-10-08 12:50:19,779 - INFO - 319471000;0;2;0.0;22.0;6.0;0.0;0.0;0.0;0.0;0.0;0
2025-10-08 12:50:20,781 - INFO - 320471000;0;2;0.0;23.0;6.0;0.0;0.0;0.0;0.0;0.0;0
2025-10-08 12:50:21,783 - INFO - 321471000;0;2;0.0;22.0;6.0;0.0;0.0;0.0;0.0;0.0;0
2025-10-08 12:50:22,784 - INFO - 322471000;0;2;0.0;22.0;6.0;0.0;0.0;0.0;0.0;0.0;0
2025-10-08 12:50:23,786 - INFO - 323471000;0;2;0.0;22.0;6.0;0.0;0.0;0.0;0.0;0.0;0
2025-10-08 12:50:24,787 - INFO - 324471000;0;2;0.0;22.0;6.0;0.0;0.0;0.0;0.0;0.0;0
2025-10-08 12:50:25,789 - INFO - 325471000;0;2;0.0;22.0;6.0;0.0;0.0;0.0;0.0;0.0;0
2025-10-08 12:50:26,790 - INFO - 326471000;0;2;0.0;22.0;6.0;0.0;0.0;0.0;0.0;0.0;0
2025-10-08 12:50:27,792 - INFO - 327471000;0;2;0.0;22.0;6.0;0.0;0.0;0.0;0.0;0.0;0
2025-10-08 12:50:28,794 - INFO - 328471000;0;2;0.0;22.0;6.0;0.0;0.0;0.0;0.0;0.0;0
2025-10-08 12:50:29,796 - INFO - 329471000;0;2;0.0;22.0;6.0;0.0;0.0;0.0;0.0;0.0;0
2025-10-08 12:50:30,797 - INFO - 330471000;0;2;0.0;22.0;6.0;0.0;0.0;0.0;0.0;0.0;0
2025-10-08 12:50:31,798 - INFO - 331471000;0;2;0.0;23.0;6.0;0.0;0.0;0.0;0.0;0.0;0
2025-10-08 12:50:32,843 - INFO - 332531000;0;2;0.0;22.0;6.0;0.0;0.0;0.0;0.0;0.0;0
2025-10-08 12:50:33,848 - INFO - 333531000;0;2;0.0;23.0;6.0;0.0;0.0;0.0;0.0;0.0;0
2025-10-08 12:50:34,846 - INFO - 334531000;0;2;0.0;22.0;6.0;0.0;0.0;0.0;0.0;0.0;0
2025-10-08 12:50:35,852 - INFO - 335531000;0;2;0.0;22.0;6.0;0.0;0.0;0.0;0.0;0.0;0
2025-10-08 12:50:36,853 - INFO - 336531000;0;2;0.0;22.0;6.0;0.0;0.0;0.0;0.0;0.0;0
2025-10-08 12:50:37,855 - INFO - 337531000;0;2;0.0;23.0;6.0;0.0;0.0;0.0;0.0;0.0;0
2025-10-08 12:50:38,857 - INFO - 338531000;0;2;0.0;22.0;6.0;0.0;0.0;0.0;0.0;0.0;0
2025-10-08 12:50:39,859 - INFO - 339531000;0;2;0.0;23.0;6.0;0.0;0.0;0.0;0.0;0.0;0
2025-10-08 12:50:40,856 - INFO - 340531000;0;2;0.0;22.0;6.0;0.0;0.0;0.0;0.0;0.0;0
2025-10-08 12:50:41,859 - INFO - 341531000;0;2;0.0;23.0;6.0;0.0;0.0;0.0;0.0;0.0;0
2025-10-08 12:50:42,863 - INFO - 342531000;0;2;0.0;23.0;6.0;0.0;0.0;0.0;0.0;0.0;0
2025-10-08 12:50:43,864 - INFO - 343531000;0;2;0.0;23.0;6.0;0.0;0.0;0.0;0.0;0.0;0
2025-10-08 12:50:44,864 - INFO - 344531000;0;2;0.0;22.0;6.0;0.0;0.0;0.0;0.0;0.0;0
2025-10-08 12:50:45,866 - INFO - 345531000;0;2;0.0;23.0;6.0;0.0;0.0;0.0;0.0;0.0;0
2025-10-08 12:50:46,870 - INFO - 346531000;0;2;0.0;22.0;6.0;0.0;0.0;0.0;0.0;0.0;0
2025-10-08 12:50:47,872 - INFO - 347531000;0;2;0.0;22.0;6.0;0.0;0.0;0.0;0.0;0.0;0
2025-10-08 12:50:48,874 - INFO - 348531000;0;2;0.0;23.0;6.0;0.0;0.0;0.0;0.0;0.0;0
2025-10-08 12:50:49,882 - INFO - 349531000;0;2;0.0;22.0;6.0;0.0;0.0;0.0;0.0;0.0;0
2025-10-08 12:50:50,876 - INFO - 350531000;0;2;0.0;22.0;6.0;0.0;0.0;0.0;0.0;0.0;0
2025-10-08 12:50:51,885 - INFO - 351531000;0;2;0.0;22.0;6.0;0.0;0.0;0.0;0.0;0.0;0
2025-10-08 12:50:52,884 - INFO - 352531000;0;2;0.0;22.0;6.0;0.0;0.0;0.0;0.0;0.0;0
2025-10-08 12:50:53,879 - INFO - 353531000;0;2;0.0;22.0;6.0;0.0;0.0;0.0;0.0;0.0;0
2025-10-08 12:50:54,880 - INFO - 354531000;0;2;0.0;22.0;6.0;0.0;0.0;0.0;0.0;0.0;0
2025-10-08 12:50:55,884 - INFO - 355531000;0;2;0.0;22.0;6.0;0.0;0.0;0.0;0.0;0.0;0
2025-10-08 12:50:56,882 - INFO - 356531000;0;2;0.0;22.0;6.0;0.0;0.0;0.0;0.0;0.0;0
2025-10-08 12:50:57,887 - INFO - 357531000;0;2;0.0;22.0;6.0;0.0;0.0;0.0;0.0;0.0;0
2025-10-08 12:50:58,893 - INFO - 358531000;0;2;0.0;22.0;6.0;0.0;0.0;0.0;0.0;0.0;0
2025-10-08 12:50:59,904 - INFO - 359531000;0;2;0.0;22.0;6.0;0.0;0.0;0.0;0.0;0.0;0
2025-10-08 12:51:00,889 - INFO - 360531000;0;2;0.0;22.0;6.0;0.0;0.0;0.0;0.0;0.0;0
2025-10-08 12:51:01,907 - INFO - 361531000;0;2;0.0;22.0;6.0;0.0;0.0;0.0;0.0;0.0;0
2025-10-08 12:51:02,888 - INFO - 362530000;0;2;0.0;22.0;6.0;0.0;0.0;0.0;0.0;0.0;0
2025-10-08 12:51:03,898 - INFO - 363531000;0;2;0.0;22.0;6.0;0.0;0.0;0.0;0.0;0.0;0
2025-10-08 12:51:04,897 - INFO - 364531000;0;2;0.0;22.0;6.0;0.0;0.0;0.0;0.0;0.0;0
2025-10-08 12:51:05,897 - INFO - 365531000;0;2;0.0;23.0;6.0;0.0;0.0;0.0;0.0;0.0;0
2025-10-08 12:51:06,899 - INFO - 366531000;0;2;0.0;22.0;6.0;0.0;0.0;0.0;0.0;0.0;0
2025-10-08 12:51:07,903 - INFO - 367531000;0;2;0.0;22.0;6.0;0.0;0.0;0.0;0.0;0.0;0
2025-10-08 12:51:08,909 - INFO - 368531000;0;2;0.0;22.0;6.0;0.0;0.0;0.0;0.0;0.0;0
2025-10-08 12:51:09,907 - INFO - 369531000;0;2;0.0;22.0;6.0;0.0;0.0;0.0;0.0;0.0;0
2025-10-08 12:51:10,919 - INFO - 370531000;0;2;0.0;22.0;6.0;0.0;0.0;0.0;0.0;0.0;0
2025-10-08 12:51:11,914 - INFO - 371531000;0;2;0.0;22.0;6.0;0.0;0.0;0.0;0.0;0.0;0
2025-10-08 12:51:12,908 - INFO - 372531000;0;2;0.0;22.0;6.0;0.0;0.0;0.0;0.0;0.0;0
2025-10-08 12:51:13,909 - INFO - 373531000;0;2;0.0;23.0;6.0;0.0;0.0;0.0;0.0;0.0;0
2025-10-08 12:51:14,914 - INFO - 374531000;0;2;0.0;22.0;6.0;0.0;0.0;0.0;0.0;0.0;0
2025-10-08 12:51:15,920 - INFO - 375531000;0;2;0.0;23.0;6.0;0.0;0.0;0.0;0.0;0.0;0
2025-10-08 12:51:16,918 - INFO - 376531000;0;2;0.0;23.0;6.0;0.0;0.0;0.0;0.0;0.0;0
2025-10-08 12:51:17,919 - INFO - 377531000;0;2;0.0;22.0;6.0;0.0;0.0;0.0;0.0;0.0;0
2025-10-08 12:51:18,917 - INFO - 378531000;0;2;0.0;22.0;6.0;0.0;0.0;0.0;0.0;0.0;0
2025-10-08 12:51:19,928 - INFO - 379531000;0;2;0.0;22.0;6.0;0.0;0.0;0.0;0.0;0.0;0
2025-10-08 12:51:20,877 - INFO - 380471000;0;2;0.0;22.0;6.0;0.0;0.0;0.0;0.0;0.0;0
2025-10-08 12:51:21,879 - INFO - 381471000;0;2;0.0;22.0;6.0;0.0;0.0;0.0;0.0;0.0;0
2025-10-08 12:51:22,880 - INFO - 382471000;0;2;0.0;22.0;6.0;0.0;0.0;0.0;0.0;0.0;0
2025-10-08 12:51:23,884 - INFO - 383471000;0;2;0.0;23.0;6.0;0.0;0.0;0.0;0.0;0.0;0
2025-10-08 12:51:24,884 - INFO - 384471000;0;2;0.0;23.0;6.0;0.0;0.0;0.0;0.0;0.0;0
2025-10-08 12:51:25,885 - INFO - 385471000;0;2;0.0;22.0;6.0;0.0;0.0;0.0;0.0;0.0;0
2025-10-08 12:51:26,887 - INFO - 386471000;0;2;0.0;22.0;6.0;0.0;0.0;0.0;0.0;0.0;0
2025-10-08 12:51:27,889 - INFO - 387471000;0;2;0.0;23.0;6.0;0.0;0.0;0.0;0.0;0.0;0
2025-10-08 12:51:28,890 - INFO - 388471000;0;2;0.0;23.0;6.0;0.0;0.0;0.0;0.0;0.0;0
2025-10-08 12:51:29,892 - INFO - 389471000;0;2;0.0;23.0;6.0;0.0;0.0;0.0;0.0;0.0;0
2025-10-08 12:51:30,894 - INFO - 390471000;0;2;0.0;22.0;6.0;0.0;0.0;0.0;0.0;0.0;0
2025-10-08 12:51:31,896 - INFO - 391471000;0;2;0.0;22.0;6.0;0.0;0.0;0.0;0.0;0.0;0
2025-10-08 12:51:32,896 - INFO - 392471000;0;2;0.0;23.0;6.0;0.0;0.0;0.0;0.0;0.0;0
2025-10-08 12:51:33,898 - INFO - 393471000;0;2;0.0;22.0;6.0;0.0;0.0;0.0;0.0;0.0;0
2025-10-08 12:51:34,946 - INFO - 394531000;0;2;0.0;22.0;6.0;0.0;0.0;0.0;0.0;0.0;0
2025-10-08 12:51:35,944 - INFO - 395531000;0;2;0.0;22.0;6.0;0.0;0.0;0.0;0.0;0.0;0
2025-10-08 12:51:36,957 - INFO - 396531000;0;2;0.0;22.0;6.0;0.0;0.0;0.0;0.0;0.0;0
2025-10-08 12:51:37,944 - INFO - 397531000;0;2;0.0;23.0;6.0;0.0;0.0;0.0;0.0;0.0;0
2025-10-08 12:51:38,961 - INFO - 398531000;0;2;0.0;22.0;6.0;0.0;0.0;0.0;0.0;0.0;0
2025-10-08 12:51:39,947 - INFO - 399531000;0;2;0.0;22.0;6.0;0.0;0.0;0.0;0.0;0.0;0
2025-10-08 12:51:40,949 - INFO - 400531000;0;2;0.0;23.0;6.0;0.0;0.0;0.0;0.0;0.0;0
2025-10-08 12:51:41,964 - INFO - 401531000;0;2;0.0;23.0;6.0;0.0;0.0;0.0;0.0;0.0;0
2025-10-08 12:51:42,958 - INFO - 402531000;0;2;0.0;22.0;6.0;0.0;0.0;0.0;0.0;0.0;0
2025-10-08 12:51:43,962 - INFO - 403531000;0;2;0.0;23.0;6.0;0.0;0.0;0.0;0.0;0.0;0
2025-10-08 12:51:44,960 - INFO - 404531000;0;2;0.0;23.0;6.0;0.0;0.0;0.0;0.0;0.0;0
2025-10-08 12:51:45,976 - INFO - 405531000;0;2;0.0;22.0;6.0;0.0;0.0;0.0;0.0;0.0;0
2025-10-08 12:51:46,963 - INFO - 406531000;0;2;0.0;22.0;6.0;0.0;0.0;0.0;0.0;0.0;0
2025-10-08 12:51:47,972 - INFO - 407531000;0;2;0.0;22.0;6.0;0.0;0.0;0.0;0.0;0.0;0
2025-10-08 12:51:48,968 - INFO - 408531000;0;2;0.0;22.0;6.0;0.0;0.0;0.0;0.0;0.0;0
2025-10-08 12:51:49,972 - INFO - 409531000;0;2;0.0;22.0;6.0;0.0;0.0;0.0;0.0;0.0;0
2025-10-08 12:51:50,977 - INFO - 410531000;0;2;0.0;23.0;6.0;0.0;0.0;0.0;0.0;0.0;0
2025-10-08 12:51:51,981 - INFO - 411531000;0;2;0.0;22.0;6.0;0.0;0.0;0.0;0.0;0.0;0
2025-10-08 12:51:52,974 - INFO - 412531000;0;2;0.0;22.0;6.0;0.0;0.0;0.0;0.0;0.0;0
2025-10-08 12:51:53,976 - INFO - 413531000;0;2;0.0;22.0;6.0;0.0;0.0;0.0;0.0;0.0;0
2025-10-08 12:51:54,990 - INFO - 414531000;0;2;0.0;22.0;6.0;0.0;0.0;0.0;0.0;0.0;0
2025-10-08 12:51:55,979 - INFO - 415531000;0;2;0.0;23.0;6.0;0.0;0.0;0.0;0.0;0.0;0
2025-10-08 12:51:56,993 - INFO - 416531000;0;2;0.0;23.0;6.0;0.0;0.0;0.0;0.0;0.0;0
2025-10-08 12:51:57,997 - INFO - 417531000;0;2;0.0;22.0;6.0;0.0;0.0;0.0;0.0;0.0;0
2025-10-08 12:51:58,978 - INFO - 418530000;0;2;0.0;23.0;6.0;0.0;0.0;0.0;0.0;0.0;0
2025-10-08 12:51:59,987 - INFO - 419531000;0;2;0.0;22.0;6.0;0.0;0.0;0.0;0.0;0.0;0
2025-10-08 12:52:00,996 - INFO - 420531000;0;2;0.0;23.0;6.0;0.0;0.0;0.0;0.0;0.0;0
2025-10-08 12:52:01,997 - INFO - 421531000;0;2;0.0;22.0;6.0;0.0;0.0;0.0;0.0;0.0;0
2025-10-08 12:52:02,989 - INFO - 422531000;0;2;0.0;22.0;6.0;0.0;0.0;0.0;0.0;0.0;0
2025-10-08 12:52:04,000 - INFO - 423531000;0;2;0.0;23.0;6.0;0.0;0.0;0.0;0.0;0.0;0
2025-10-08 12:52:04,997 - INFO - 424531000;0;2;0.0;23.0;6.0;0.0;0.0;0.0;0.0;0.0;0
2025-10-08 12:52:05,995 - INFO - 425531000;0;2;0.0;23.0;6.0;0.0;0.0;0.0;0.0;0.0;0
2025-10-08 12:52:07,009 - INFO - 426531000;0;2;0.0;22.0;6.0;0.0;0.0;0.0;0.0;0.0;0
2025-10-08 12:52:07,997 - INFO - 427531000;0;2;0.0;23.0;6.0;0.0;0.0;0.0;0.0;0.0;0
2025-10-08 12:52:08,997 - INFO - 428531000;0;2;0.0;22.0;6.0;0.0;0.0;0.0;0.0;0.0;0
2025-10-08 12:52:10,014 - INFO - 429531000;0;2;0.0;22.0;6.0;0.0;0.0;0.0;0.0;0.0;0
2025-10-08 12:52:11,011 - INFO - 430531000;0;2;0.0;22.0;6.0;0.0;0.0;0.0;0.0;0.0;0
2025-10-08 12:52:12,006 - INFO - 431531000;0;2;0.0;23.0;6.0;0.0;0.0;0.0;0.0;0.0;0
2025-10-08 12:52:13,008 - INFO - 432531000;0;2;0.0;22.0;6.0;0.0;0.0;0.0;0.0;0.0;0
2025-10-08 12:52:14,009 - INFO - 433531000;0;2;0.0;23.0;6.0;0.0;0.0;0.0;0.0;0.0;0
2025-10-08 12:52:15,011 - INFO - 434531000;0;2;0.0;22.0;6.0;0.0;0.0;0.0;0.0;0.0;0
2025-10-08 12:52:16,011 - INFO - 435531000;0;2;0.0;23.0;6.0;0.0;0.0;0.0;0.0;0.0;0
2025-10-08 12:52:17,021 - INFO - 436531000;0;2;0.0;22.0;6.0;0.0;0.0;0.0;0.0;0.0;0
2025-10-08 12:52:18,028 - INFO - 437531000;0;2;0.0;22.0;6.0;0.0;0.0;0.0;0.0;0.0;0
2025-10-08 12:52:19,024 - INFO - 438531000;0;2;0.0;22.0;6.0;0.0;0.0;0.0;0.0;0.0;0
2025-10-08 12:52:19,973 - INFO - 439471000;0;2;0.0;22.0;6.0;0.0;0.0;0.0;0.0;0.0;0
2025-10-08 12:52:21,012 - INFO - 440511000;0;2;0.0;22.0;6.0;0.0;0.0;0.0;0.0;0.0;0
2025-10-08 12:52:21,975 - INFO - 441471000;0;2;0.0;23.0;6.0;0.0;0.0;0.0;0.0;0.0;0
2025-10-08 12:52:22,977 - INFO - 442471000;0;2;0.0;22.0;6.0;0.0;0.0;0.0;0.0;0.0;0
2025-10-08 12:52:23,978 - INFO - 443471000;0;2;0.0;22.0;6.0;0.0;0.0;0.0;0.0;0.0;0
2025-10-08 12:52:24,979 - INFO - 444471000;0;2;0.0;23.0;6.0;0.0;0.0;0.0;0.0;0.0;0
2025-10-08 12:52:25,982 - INFO - 445471000;0;2;0.0;23.0;6.0;0.0;0.0;0.0;0.0;0.0;0
2025-10-08 12:52:26,983 - INFO - 446471000;0;2;0.0;23.0;6.0;0.0;0.0;0.0;0.0;0.0;0
2025-10-08 12:52:27,984 - INFO - 447471000;0;2;0.0;23.0;6.0;0.0;0.0;0.0;0.0;0.0;0
2025-10-08 12:52:28,986 - INFO - 448471000;0;2;0.0;23.0;6.0;0.0;0.0;0.0;0.0;0.0;0
2025-10-08 12:52:29,988 - INFO - 449471000;0;2;0.0;23.0;6.0;0.0;0.0;0.0;0.0;0.0;0
2025-10-08 12:52:30,989 - INFO - 450471000;0;2;0.0;22.0;6.0;0.0;0.0;0.0;0.0;0.0;0
2025-10-08 12:52:31,991 - INFO - 451471000;0;2;0.0;23.0;6.0;0.0;0.0;0.0;0.0;0.0;0
2025-10-08 12:52:32,992 - INFO - 452471000;0;2;0.0;22.0;6.0;0.0;0.0;0.0;0.0;0.0;0
2025-10-08 12:52:34,026 - INFO - 453511000;0;2;0.0;22.0;6.0;0.0;0.0;0.0;0.0;0.0;0
2025-10-08 12:52:34,997 - INFO - 454471000;0;2;0.0;22.0;6.0;0.0;0.0;0.0;0.0;0.0;0
2025-10-08 12:52:36,042 - INFO - 455531000;0;2;0.0;23.0;6.0;0.0;0.0;0.0;0.0;0.0;0
2025-10-08 12:52:37,046 - INFO - 456531000;0;2;0.0;22.0;6.0;0.0;0.0;0.0;0.0;0.0;0
2025-10-08 12:52:38,048 - INFO - 457531000;0;2;0.0;22.0;6.0;0.0;0.0;0.0;0.0;0.0;0
2025-10-08 12:52:39,049 - INFO - 458531000;0;2;0.0;22.0;6.0;0.0;0.0;0.0;0.0;0.0;0
2025-10-08 12:52:40,055 - INFO - 459531000;0;2;0.0;22.0;6.0;0.0;0.0;0.0;0.0;0.0;0
2025-10-08 12:52:41,051 - INFO - 460531000;0;2;0.0;22.0;6.0;0.0;0.0;0.0;0.0;0.0;0
2025-10-08 12:52:42,053 - INFO - 461531000;0;2;0.0;23.0;6.0;0.0;0.0;0.0;0.0;0.0;0
2025-10-08 12:52:43,056 - INFO - 462531000;0;2;0.0;22.0;6.0;0.0;0.0;0.0;0.0;0.0;0
2025-10-08 12:52:44,050 - INFO - 463531000;0;2;0.0;23.0;6.0;0.0;0.0;0.0;0.0;0.0;0
2025-10-08 12:52:45,059 - INFO - 464531000;0;2;0.0;22.0;6.0;0.0;0.0;0.0;0.0;0.0;0
2025-10-08 12:52:46,058 - INFO - 465531000;0;2;0.0;22.0;6.0;0.0;0.0;0.0;0.0;0.0;0
2025-10-08 12:52:47,067 - INFO - 466531000;0;2;0.0;23.0;6.0;0.0;0.0;0.0;0.0;0.0;0
2025-10-08 12:52:48,063 - INFO - 467531000;0;2;0.0;22.0;6.0;0.0;0.0;0.0;0.0;0.0;0
2025-10-08 12:52:49,064 - INFO - 468531000;0;2;0.0;23.0;6.0;0.0;0.0;0.0;0.0;0.0;0
2025-10-08 12:52:50,068 - INFO - 469531000;0;2;0.0;22.0;6.0;0.0;0.0;0.0;0.0;0.0;0
2025-10-08 12:52:51,082 - INFO - 470531000;0;2;0.0;23.0;6.0;0.0;0.0;0.0;0.0;0.0;0
2025-10-08 12:52:52,071 - INFO - 471531000;0;2;0.0;23.0;6.0;0.0;0.0;0.0;0.0;0.0;0
2025-10-08 12:52:53,072 - INFO - 472531000;0;2;0.0;22.0;6.0;0.0;0.0;0.0;0.0;0.0;0
2025-10-08 12:52:54,071 - INFO - 473531000;0;2;0.0;23.0;6.0;0.0;0.0;0.0;0.0;0.0;0
2025-10-08 12:52:55,072 - INFO - 474531000;0;2;0.0;23.0;6.0;0.0;0.0;0.0;0.0;0.0;0
2025-10-08 12:52:56,081 - INFO - 475531000;0;2;0.0;22.0;6.0;0.0;0.0;0.0;0.0;0.0;0
2025-10-08 12:52:57,074 - INFO - 476531000;0;2;0.0;23.0;6.0;0.0;0.0;0.0;0.0;0.0;0
2025-10-08 12:52:58,080 - INFO - 477531000;0;2;0.0;22.0;6.0;0.0;0.0;0.0;0.0;0.0;0
2025-10-08 12:52:59,075 - INFO - 478531000;0;2;0.0;22.0;6.0;0.0;0.0;0.0;0.0;0.0;0
2025-10-08 12:53:00,097 - INFO - 479531000;0;2;0.0;22.0;6.0;0.0;0.0;0.0;0.0;0.0;0
2025-10-08 12:53:01,089 - INFO - 480531000;0;2;0.0;22.0;6.0;0.0;0.0;0.0;0.0;0.0;0
2025-10-08 12:53:02,079 - INFO - 481531000;0;2;0.0;22.0;6.0;0.0;0.0;0.0;0.0;0.0;0
2025-10-08 12:53:03,081 - INFO - 482531000;0;2;0.0;22.0;6.0;0.0;0.0;0.0;0.0;0.0;0
2025-10-08 12:53:04,097 - INFO - 483531000;0;2;0.0;22.0;6.0;0.0;0.0;0.0;0.0;0.0;0
2025-10-08 12:53:05,084 - INFO - 484531000;0;2;0.0;23.0;6.0;0.0;0.0;0.0;0.0;0.0;0
2025-10-08 12:53:06,086 - INFO - 485531000;0;2;0.0;22.0;6.0;0.0;0.0;0.0;0.0;0.0;0
2025-10-08 12:53:07,101 - INFO - 486531000;0;2;0.0;23.0;6.0;0.0;0.0;0.0;0.0;0.0;0
2025-10-08 12:53:08,096 - INFO - 487531000;0;2;0.0;23.0;6.0;0.0;0.0;0.0;0.0;0.0;0
2025-10-08 12:53:09,105 - INFO - 488531000;0;2;0.0;22.0;6.0;0.0;0.0;0.0;0.0;0.0;0
2025-10-08 12:53:10,099 - INFO - 489531000;0;2;0.0;22.0;6.0;0.0;0.0;0.0;0.0;0.0;0
2025-10-08 12:53:11,093 - INFO - 490531000;0;2;0.0;23.0;6.0;0.0;0.0;0.0;0.0;0.0;0
2025-10-08 12:53:12,109 - INFO - 491531000;0;2;0.0;23.0;6.0;0.0;0.0;0.0;0.0;0.0;0
2025-10-08 12:53:13,105 - INFO - 492531000;0;2;0.0;23.0;6.0;0.0;0.0;0.0;0.0;0.0;0
2025-10-08 12:53:14,105 - INFO - 493531000;0;2;0.0;22.0;6.0;0.0;0.0;0.0;0.0;0.0;0
2025-10-08 12:53:15,105 - INFO - 494531000;0;2;0.0;23.0;6.0;0.0;0.0;0.0;0.0;0.0;0
2025-10-08 12:53:16,107 - INFO - 495531000;0;2;0.0;23.0;6.0;0.0;0.0;0.0;0.0;0.0;0
2025-10-08 12:53:17,106 - INFO - 496531000;0;2;0.0;23.0;6.0;0.0;0.0;0.0;0.0;0.0;0
2025-10-08 12:53:18,109 - INFO - 497531000;0;2;0.0;22.0;6.0;0.0;0.0;0.0;0.0;0.0;0
2025-10-08 12:53:19,120 - INFO - 498531000;0;2;0.0;22.0;6.0;0.0;0.0;0.0;0.0;0.0;0
2025-10-08 12:53:20,115 - INFO - 499531000;0;2;0.0;23.0;6.0;0.0;0.0;0.0;0.0;0.0;0
2025-10-08 12:53:21,114 - INFO - 500531000;0;2;0.0;22.0;6.0;0.0;0.0;0.0;0.0;0.0;0
2025-10-08 12:53:22,072 - INFO - 501471000;0;2;0.0;22.0;6.0;0.0;0.0;0.0;0.0;0.0;0
2025-10-08 12:53:23,072 - INFO - 502471000;0;2;0.0;23.0;6.0;0.0;0.0;0.0;0.0;0.0;0
2025-10-08 12:53:24,074 - INFO - 503471000;0;2;0.0;22.0;6.0;0.0;0.0;0.0;0.0;0.0;0
2025-10-08 12:53:25,076 - INFO - 504471000;0;2;0.0;23.0;6.0;0.0;0.0;0.0;0.0;0.0;0
2025-10-08 12:53:26,077 - INFO - 505471000;0;2;0.0;23.0;6.0;0.0;0.0;0.0;0.0;0.0;0
2025-10-08 12:53:27,079 - INFO - 506471000;0;2;0.0;22.0;6.0;0.0;0.0;0.0;0.0;0.0;0
2025-10-08 12:53:28,080 - INFO - 507471000;0;2;0.0;22.0;6.0;0.0;0.0;0.0;0.0;0.0;0
2025-10-08 12:53:29,082 - INFO - 508471000;0;2;0.0;23.0;6.0;0.0;0.0;0.0;0.0;0.0;0
2025-10-08 12:53:30,084 - INFO - 509471000;0;2;0.0;22.0;6.0;0.0;0.0;0.0;0.0;0.0;0
2025-10-08 12:53:31,085 - INFO - 510471000;0;2;0.0;22.0;6.0;0.0;0.0;0.0;0.0;0.0;0
2025-10-08 12:53:32,087 - INFO - 511471000;0;2;0.0;22.0;6.0;0.0;0.0;0.0;0.0;0.0;0
2025-10-08 12:53:33,089 - INFO - 512471000;0;2;0.0;23.0;6.0;0.0;0.0;0.0;0.0;0.0;0
2025-10-08 12:53:34,090 - INFO - 513471000;0;2;0.0;22.0;6.0;0.0;0.0;0.0;0.0;0.0;0
2025-10-08 12:53:35,092 - INFO - 514471000;0;2;0.0;22.0;6.0;0.0;0.0;0.0;0.0;0.0;0
2025-10-08 12:53:36,096 - INFO - 515471000;0;2;0.0;22.0;6.0;0.0;0.0;0.0;0.0;0.0;0
2025-10-08 12:53:37,095 - INFO - 516471000;0;2;0.0;23.0;6.0;0.0;0.0;0.0;0.0;0.0;0
2025-10-08 12:53:38,097 - INFO - 517471000;0;2;0.0;23.0;6.0;0.0;0.0;0.0;0.0;0.0;0
2025-10-08 12:53:39,098 - INFO - 518471000;0;2;0.0;23.0;6.0;0.0;0.0;0.0;0.0;0.0;0
2025-10-08 12:53:40,144 - INFO - 519531000;0;2;0.0;23.0;6.0;0.0;0.0;0.0;0.0;0.0;0
2025-10-08 12:53:41,148 - INFO - 520531000;0;2;0.0;23.0;6.0;0.0;0.0;0.0;0.0;0.0;0
2025-10-08 12:53:42,151 - INFO - 521531000;0;2;0.0;22.0;6.0;0.0;0.0;0.0;0.0;0.0;0
2025-10-08 12:53:43,146 - INFO - 522531000;0;2;0.0;22.0;6.0;0.0;0.0;0.0;0.0;0.0;0
2025-10-08 12:53:44,154 - INFO - 523531000;0;2;0.0;23.0;6.0;0.0;0.0;0.0;0.0;0.0;0
2025-10-08 12:53:45,156 - INFO - 524531000;0;2;0.0;23.0;6.0;0.0;0.0;0.0;0.0;0.0;0
2025-10-08 12:53:46,158 - INFO - 525531000;0;2;0.0;23.0;6.0;0.0;0.0;0.0;0.0;0.0;0
2025-10-08 12:53:47,160 - INFO - 526531000;0;2;0.0;23.0;6.0;0.0;0.0;0.0;0.0;0.0;0
2025-10-08 12:53:48,154 - INFO - 527531000;0;2;0.0;23.0;6.0;0.0;0.0;0.0;0.0;0.0;0
2025-10-08 12:53:49,161 - INFO - 528531000;0;2;0.0;23.0;6.0;0.0;0.0;0.0;0.0;0.0;0
2025-10-08 12:53:50,165 - INFO - 529531000;0;2;0.0;23.0;6.0;0.0;0.0;0.0;0.0;0.0;0
2025-10-08 12:53:51,172 - INFO - 530531000;0;2;0.0;23.0;6.0;0.0;0.0;0.0;0.0;0.0;0
2025-10-08 12:53:52,163 - INFO - 531531000;0;2;0.0;23.0;6.0;0.0;0.0;0.0;0.0;0.0;0
2025-10-08 12:53:53,171 - INFO - 532531000;0;2;0.0;23.0;6.0;0.0;0.0;0.0;0.0;0.0;0
2025-10-08 12:53:54,170 - INFO - 533531000;0;2;0.0;23.0;6.0;0.0;0.0;0.0;0.0;0.0;0
2025-10-08 12:53:55,180 - INFO - 534531000;0;2;0.0;23.0;6.0;0.0;0.0;0.0;0.0;0.0;0
2025-10-08 12:53:56,180 - INFO - 535531000;0;2;0.0;22.0;6.0;0.0;0.0;0.0;0.0;0.0;0
2025-10-08 12:53:57,171 - INFO - 536531000;0;2;0.0;22.0;6.0;0.0;0.0;0.0;0.0;0.0;0
2025-10-08 12:53:58,189 - INFO - 537531000;0;2;0.0;22.0;6.0;0.0;0.0;0.0;0.0;0.0;0
2025-10-08 12:53:59,176 - INFO - 538531000;0;2;0.0;23.0;6.0;0.0;0.0;0.0;0.0;0.0;0
2025-10-08 12:54:00,193 - INFO - 539531000;0;2;0.0;22.0;6.0;0.0;0.0;0.0;0.0;0.0;0
2025-10-08 12:54:01,181 - INFO - 540531000;0;2;0.0;23.0;6.0;0.0;0.0;0.0;0.0;0.0;0
2025-10-08 12:54:02,181 - INFO - 541531000;0;2;0.0;23.0;6.0;0.0;0.0;0.0;0.0;0.0;0
2025-10-08 12:54:03,183 - INFO - 542531000;0;2;0.0;22.0;6.0;0.0;0.0;0.0;0.0;0.0;0
2025-10-08 12:54:04,186 - INFO - 543531000;0;2;0.0;22.0;6.0;0.0;0.0;0.0;0.0;0.0;0
2025-10-08 12:54:05,196 - INFO - 544531000;0;2;0.0;23.0;6.0;0.0;0.0;0.0;0.0;0.0;0
2025-10-08 12:54:06,189 - INFO - 545531000;0;2;0.0;23.0;6.0;0.0;0.0;0.0;0.0;0.0;0
2025-10-08 12:54:07,187 - INFO - 546531000;0;2;0.0;23.0;6.0;0.0;0.0;0.0;0.0;0.0;0
2025-10-08 12:54:08,207 - INFO - 547531000;0;2;0.0;23.0;6.0;0.0;0.0;0.0;0.0;0.0;0
2025-10-08 12:54:09,190 - INFO - 548530000;0;2;0.0;23.0;6.0;0.0;0.0;0.0;0.0;0.0;0
2025-10-08 12:54:10,204 - INFO - 549531000;0;2;0.0;22.0;6.0;0.0;0.0;0.0;0.0;0.0;0
2025-10-08 12:54:11,212 - INFO - 550531000;0;2;0.0;23.0;6.0;0.0;0.0;0.0;0.0;0.0;0
2025-10-08 12:54:12,203 - INFO - 551531000;0;2;0.0;22.0;6.0;0.0;0.0;0.0;0.0;0.0;0
2025-10-08 12:54:13,208 - INFO - 552531000;0;2;0.0;23.0;6.0;0.0;0.0;0.0;0.0;0.0;0
2025-10-08 12:54:14,207 - INFO - 553531000;0;2;0.0;23.0;6.0;0.0;0.0;0.0;0.0;0.0;0
2025-10-08 12:54:15,204 - INFO - 554531000;0;2;0.0;22.0;6.0;0.0;0.0;0.0;0.0;0.0;0
2025-10-08 12:54:16,213 - INFO - 555531000;0;2;0.0;23.0;6.0;0.0;0.0;0.0;0.0;0.0;0
2025-10-08 12:54:17,211 - INFO - 556531000;0;2;0.0;22.0;6.0;0.0;0.0;0.0;0.0;0.0;0
2025-10-08 12:54:18,223 - INFO - 557531000;0;2;0.0;23.0;6.0;0.0;0.0;0.0;0.0;0.0;0
2025-10-08 12:54:19,214 - INFO - 558531000;0;2;0.0;23.0;6.0;0.0;0.0;0.0;0.0;0.0;0
2025-10-08 12:54:20,229 - INFO - 559531000;0;2;0.0;22.0;6.0;0.0;0.0;0.0;0.0;0.0;0
2025-10-08 12:54:21,215 - INFO - 560531000;0;2;0.0;22.0;6.0;0.0;0.0;0.0;0.0;0.0;0
2025-10-08 12:54:22,226 - INFO - 561531000;0;2;0.0;22.0;6.0;0.0;0.0;0.0;0.0;0.0;0
2025-10-08 12:54:23,213 - INFO - 562511000;0;2;0.0;22.0;6.0;0.0;0.0;0.0;0.0;0.0;0
2025-10-08 12:54:24,175 - INFO - 563471000;0;2;0.0;23.0;6.0;0.0;0.0;0.0;0.0;0.0;0
2025-10-08 12:54:25,177 - INFO - 564471000;0;2;0.0;23.0;6.0;0.0;0.0;0.0;0.0;0.0;0
2025-10-08 12:54:26,179 - INFO - 565471000;0;2;0.0;23.0;6.0;0.0;0.0;0.0;0.0;0.0;0
2025-10-08 12:54:27,180 - INFO - 566471000;0;2;0.0;22.0;6.0;0.0;0.0;0.0;0.0;0.0;0
2025-10-08 12:54:28,182 - INFO - 567471000;0;2;0.0;23.0;6.0;0.0;0.0;0.0;0.0;0.0;0
2025-10-08 12:54:29,184 - INFO - 568471000;0;2;0.0;23.0;6.0;0.0;0.0;0.0;0.0;0.0;0
2025-10-08 12:54:30,186 - INFO - 569471000;0;2;0.0;22.0;6.0;0.0;0.0;0.0;0.0;0.0;0
2025-10-08 12:54:31,187 - INFO - 570471000;0;2;0.0;23.0;6.0;0.0;0.0;0.0;0.0;0.0;0
2025-10-08 12:54:32,189 - INFO - 571471000;0;2;0.0;22.0;6.0;0.0;0.0;0.0;0.0;0.0;0
2025-10-08 12:54:33,190 - INFO - 572471000;0;2;0.0;23.0;6.0;0.0;0.0;0.0;0.0;0.0;0
2025-10-08 12:54:34,193 - INFO - 573471000;0;2;0.0;23.0;6.0;0.0;0.0;0.0;0.0;0.0;0
2025-10-08 12:54:35,195 - INFO - 574471000;0;2;0.0;22.0;6.0;0.0;0.0;0.0;0.0;0.0;0
2025-10-08 12:54:36,199 - INFO - 575471000;0;2;0.0;22.0;6.0;0.0;0.0;0.0;0.0;0.0;0
2025-10-08 12:54:37,197 - INFO - 576471000;0;2;0.0;22.0;6.0;0.0;0.0;0.0;0.0;0.0;0
2025-10-08 12:54:38,244 - INFO - 577531000;0;2;0.0;23.0;6.0;0.0;0.0;0.0;0.0;0.0;0
2025-10-08 12:54:39,252 - INFO - 578531000;0;2;0.0;23.0;6.0;0.0;0.0;0.0;0.0;0.0;0
2025-10-08 12:54:40,250 - INFO - 579531000;0;2;0.0;22.0;6.0;0.0;0.0;0.0;0.0;0.0;0
2025-10-08 12:54:41,249 - INFO - 580531000;0;2;0.0;22.0;6.0;0.0;0.0;0.0;0.0;0.0;0
2025-10-08 12:54:42,246 - INFO - 581531000;0;2;0.0;23.0;6.0;0.0;0.0;0.0;0.0;0.0;0
2025-10-08 12:54:43,252 - INFO - 582531000;0;2;0.0;23.0;6.0;0.0;0.0;0.0;0.0;0.0;0
2025-10-08 12:54:44,253 - INFO - 583531000;0;2;0.0;23.0;6.0;0.0;0.0;0.0;0.0;0.0;0
2025-10-08 12:54:45,258 - INFO - 584531000;0;2;0.0;22.0;6.0;0.0;0.0;0.0;0.0;0.0;0
2025-10-08 12:54:46,256 - INFO - 585531000;0;2;0.0;23.0;6.0;0.0;0.0;0.0;0.0;0.0;0
2025-10-08 12:54:47,269 - INFO - 586531000;0;2;0.0;23.0;6.0;0.0;0.0;0.0;0.0;0.0;0
2025-10-08 12:54:48,259 - INFO - 587531000;0;2;0.0;23.0;6.0;0.0;0.0;0.0;0.0;0.0;0
2025-10-08 12:54:49,265 - INFO - 588531000;0;2;0.0;23.0;6.0;0.0;0.0;0.0;0.0;0.0;0
2025-10-08 12:54:50,267 - INFO - 589531000;0;2;0.0;23.0;6.0;0.0;0.0;0.0;0.0;0.0;0
2025-10-08 12:54:51,272 - INFO - 590531000;0;2;0.0;22.0;6.0;0.0;0.0;0.0;0.0;0.0;0
2025-10-08 12:54:52,271 - INFO - 591531000;0;2;0.0;23.0;6.0;0.0;0.0;0.0;0.0;0.0;0
2025-10-08 12:54:53,269 - INFO - 592531000;0;2;0.0;23.0;6.0;0.0;0.0;0.0;0.0;0.0;0
2025-10-08 12:54:54,286 - INFO - 593531000;0;2;0.0;23.0;6.0;0.0;0.0;0.0;0.0;0.0;0
2025-10-08 12:54:55,274 - INFO - 594531000;0;2;0.0;23.0;6.0;0.0;0.0;0.0;0.0;0.0;0
2025-10-08 12:54:56,276 - INFO - 595531000;0;2;0.0;23.0;6.0;0.0;0.0;0.0;0.0;0.0;0
2025-10-08 12:54:57,277 - INFO - 596531000;0;2;0.0;23.0;6.0;0.0;0.0;0.0;0.0;0.0;0
                                                                                                                                                                                                                                                                                                                                                                                                                                                                                                                                                                                                                                                                                                                                                                                                                                                                                                                                                                                                                                                                                                                                                                                                                                                                                                                                                                                                             2025-10-08 12:54:49,774 - INFO - 15485000;0;0;0.0;19.0;6.0;11.600000000000001;0.0;0.0;0.0;0.0;0
2025-10-08 12:54:50,776 - INFO - 16485000;0;0;0.0;18.0;6.0;11.600000000000001;0.0;0.0;0.0;0.0;0
2025-10-08 12:54:51,777 - INFO - 17485000;0;0;0.0;19.0;6.0;11.600000000000001;0.0;0.0;0.0;0.0;0
2025-10-08 12:54:52,779 - INFO - 18485000;0;0;0.0;18.0;6.0;11.600000000000001;0.0;0.0;0.0;0.0;0
2025-10-08 12:54:53,781 - INFO - 19485000;0;0;0.0;18.0;6.0;11.600000000000001;0.0;0.0;0.0;0.0;0
2025-10-08 12:54:54,782 - INFO - 20485000;0;0;0.0;18.0;6.0;11.600000000000001;0.0;0.0;0.0;0.0;0
2025-10-08 12:54:55,784 - INFO - 21485000;0;0;0.0;19.0;6.0;11.600000000000001;0.0;0.0;0.0;0.0;0
2025-10-08 12:54:56,786 - INFO - 22485000;0;0;0.0;19.0;6.0;11.600000000000001;0.0;0.0;0.0;0.0;0
2025-10-08 12:54:57,788 - INFO - 23485000;0;0;0.0;19.0;6.0;11.600000000000001;0.0;0.0;0.0;0.0;0
2025-10-08 12:54:58,789 - INFO - 24485000;0;0;0.0;18.0;6.0;11.600000000000001;0.0;0.0;0.0;0.0;0
2025-10-08 12:54:59,790 - INFO - 25485000;0;0;0.0;20.0;6.0;11.600000000000001;0.0;0.0;0.0;0.0;0
2025-10-08 12:55:00,793 - INFO - 26485000;0;0;0.0;18.0;6.0;11.600000000000001;0.0;0.0;0.0;0.0;0
2025-10-08 12:55:01,795 - INFO - 27485000;0;0;0.0;20.0;6.0;11.600000000000001;0.0;0.0;0.0;0.0;0
2025-10-08 12:55:02,796 - INFO - 28485000;0;0;0.0;18.0;6.0;11.600000000000001;0.0;0.0;0.0;0.0;0
2025-10-08 12:55:03,797 - INFO - 29485000;0;0;0.0;20.0;6.0;11.600000000000001;0.0;0.0;0.0;0.0;0
2025-10-08 12:55:04,799 - INFO - 30485000;0;0;0.0;18.0;6.0;11.600000000000001;0.0;0.0;0.0;0.0;0
2025-10-08 12:55:05,800 - INFO - 31485000;0;0;0.0;20.0;6.0;11.600000000000001;0.0;0.0;0.0;0.0;0
2025-10-08 12:55:06,802 - INFO - 32485000;0;0;0.0;19.0;6.0;11.600000000000001;0.0;0.0;0.0;0.0;0
2025-10-08 12:55:07,804 - INFO - 33485000;0;0;0.0;18.0;6.0;11.600000000000001;0.0;0.0;0.0;0.0;0
2025-10-08 12:55:08,805 - INFO - 34485000;0;0;0.0;20.0;6.0;11.600000000000001;0.0;0.0;0.0;0.0;0
2025-10-08 12:55:09,807 - INFO - 35485000;0;0;0.0;20.0;6.0;11.600000000000001;0.0;0.0;0.0;0.0;0
2025-10-08 12:55:10,809 - INFO - 36485000;0;0;0.0;19.0;6.0;11.600000000000001;0.0;0.0;0.0;0.0;0
2025-10-08 12:55:11,810 - INFO - 37485000;0;0;0.0;19.0;6.0;11.600000000000001;0.0;0.0;0.0;0.0;0
2025-10-08 12:55:12,812 - INFO - 38485000;0;0;0.0;19.0;6.0;11.600000000000001;0.0;0.0;0.0;0.0;0
2025-10-08 12:55:13,814 - INFO - 39485000;0;0;0.0;20.0;6.0;11.600000000000001;0.0;0.0;0.0;0.0;0
2025-10-08 12:55:14,815 - INFO - 40485000;0;0;0.0;19.0;6.0;11.600000000000001;0.0;0.0;0.0;0.0;0
2025-10-08 12:55:15,817 - INFO - 41485000;0;0;0.0;19.0;6.0;11.600000000000001;0.0;0.0;0.0;0.0;0
2025-10-08 12:55:16,820 - INFO - 42485000;0;0;0.0;20.0;6.0;11.600000000000001;0.0;0.0;0.0;0.0;0
2025-10-08 12:55:17,821 - INFO - 43485000;0;0;0.0;19.0;6.0;11.600000000000001;0.0;0.0;0.0;0.0;0
2025-10-08 12:55:18,822 - INFO - 44485000;0;0;0.0;20.0;6.0;11.600000000000001;0.0;0.0;0.0;0.0;0
2025-10-08 12:55:19,823 - INFO - 45485000;0;0;0.0;20.0;6.0;11.600000000000001;0.0;0.0;0.0;0.0;0
2025-10-08 12:55:20,825 - INFO - 46485000;0;0;0.0;20.0;6.0;11.600000000000001;0.0;0.0;0.0;0.0;0
2025-10-08 12:55:21,827 - INFO - 47485000;0;0;0.0;19.0;6.0;11.600000000000001;0.0;0.0;0.0;0.0;0
2025-10-08 12:55:22,829 - INFO - 48485000;0;0;0.0;19.0;6.0;11.600000000000001;0.0;0.0;0.0;0.0;0
2025-10-08 12:55:23,830 - INFO - 49485000;0;0;0.0;20.0;6.0;11.600000000000001;0.0;0.0;0.0;0.0;0
2025-10-08 12:55:24,832 - INFO - 50485000;0;0;0.0;19.0;6.0;11.600000000000001;0.0;0.0;0.0;0.0;0
2025-10-08 12:55:25,833 - INFO - 51485000;0;0;0.0;20.0;6.0;11.600000000000001;0.0;0.0;0.0;0.0;0
2025-10-08 12:55:26,835 - INFO - 52485000;0;0;0.0;19.0;6.0;11.600000000000001;0.0;0.0;0.0;0.0;0
2025-10-08 12:55:27,836 - INFO - 53485000;0;0;0.0;19.0;6.0;11.600000000000001;0.0;0.0;0.0;0.0;0
2025-10-08 12:55:28,838 - INFO - 54485000;0;0;0.0;19.0;6.0;11.600000000000001;0.0;0.0;0.0;0.0;0
2025-10-08 12:55:29,840 - INFO - 55485000;0;0;0.0;19.0;6.0;11.600000000000001;0.0;0.0;0.0;0.0;0
2025-10-08 12:55:30,841 - INFO - 56485000;0;0;0.0;19.0;6.0;11.600000000000001;0.0;0.0;0.0;0.0;0
2025-10-08 12:55:31,843 - INFO - 57485000;18;0;0.0;20.0;6.0;11.5;0.0;0.0;1.3;0.0;0
2025-10-08 12:55:32,845 - INFO - 58485000;18;0;3260.0;20.0;6.0;11.5;0.0;0.0;0.6;0.0;0
2025-10-08 12:55:33,846 - INFO - 59485000;0;0;3630.0;21.0;6.0;11.5;0.0;0.0;0.0;0.0;0
2025-10-08 12:55:34,848 - INFO - 60485000;0;0;2730.0;20.0;6.0;11.600000000000001;0.0;0.0;0.0;0.0;0
2025-10-08 12:55:35,850 - INFO - 61485000;0;0;2080.0;21.0;6.0;11.600000000000001;0.0;0.0;0.0;0.0;0
2025-10-08 12:55:36,851 - INFO - 62485000;0;0;1600.0;21.0;6.0;11.600000000000001;0.0;0.0;0.0;0.0;0
2025-10-08 12:55:37,854 - INFO - 63485000;0;0;1200.0;20.0;6.0;11.600000000000001;0.0;0.0;0.0;0.0;0
2025-10-08 12:55:38,855 - INFO - 64485000;0;0;890.0;21.0;6.0;11.600000000000001;0.0;0.0;0.0;0.0;0
2025-10-08 12:55:39,856 - INFO - 65485000;0;0;640.0;21.0;6.0;11.600000000000001;0.0;0.0;0.0;0.0;0
2025-10-08 12:55:40,857 - INFO - 66485000;0;0;430.0;20.0;6.0;11.600000000000001;0.0;0.0;0.0;0.0;0
2025-10-08 12:55:41,860 - INFO - 67485000;0;0;280.0;20.0;6.0;11.600000000000001;0.0;0.0;0.0;0.0;0
2025-10-08 12:55:42,863 - INFO - 68485000;0;0;0.0;20.0;6.0;11.600000000000001;0.0;0.0;0.0;0.0;0
2025-10-08 12:55:43,863 - INFO - 69485000;0;0;0.0;21.0;6.0;11.600000000000001;0.0;0.0;0.0;0.0;0
2025-10-08 12:55:44,864 - INFO - 70485000;0;0;0.0;21.0;6.0;11.600000000000001;0.0;0.0;0.0;0.0;0
2025-10-08 12:55:45,866 - INFO - 71485000;0;0;0.0;20.0;6.0;11.600000000000001;0.0;0.0;0.0;0.0;0
2025-10-08 12:55:46,868 - INFO - 72485000;0;0;0.0;20.0;6.0;11.600000000000001;0.0;0.0;0.0;0.0;0
2025-10-08 12:55:47,869 - INFO - 73485000;0;0;0.0;20.0;6.0;11.600000000000001;0.0;0.0;0.0;0.0;0
2025-10-08 12:55:48,871 - INFO - 74485000;0;0;0.0;20.0;6.0;11.600000000000001;0.0;0.0;0.0;0.0;0
2025-10-08 12:55:49,872 - INFO - 75485000;0;0;0.0;21.0;6.0;11.600000000000001;0.0;0.0;0.0;0.0;0
2025-10-08 12:55:50,874 - INFO - 76485000;0;0;0.0;20.0;6.0;11.600000000000001;0.0;0.0;0.0;0.0;0
2025-10-08 12:55:51,876 - INFO - 77485000;0;0;0.0;20.0;6.0;11.600000000000001;0.0;0.0;0.0;0.0;0
2025-10-08 12:55:52,877 - INFO - 78485000;0;0;0.0;20.0;6.0;11.600000000000001;0.0;0.0;0.0;0.0;0
2025-10-08 12:55:53,879 - INFO - 79485000;0;0;0.0;20.0;6.0;11.600000000000001;0.0;0.0;0.0;0.0;0
2025-10-08 12:55:54,880 - INFO - 80485000;0;0;0.0;20.0;6.0;11.600000000000001;0.0;0.0;0.0;0.0;0
2025-10-08 12:55:55,882 - INFO - 81485000;0;0;0.0;20.0;6.0;11.600000000000001;0.0;0.0;0.0;0.0;0
2025-10-08 12:55:56,884 - INFO - 82485000;0;0;0.0;20.0;6.0;11.600000000000001;0.0;0.0;0.0;0.0;0
2025-10-08 12:55:57,887 - INFO - 83485000;0;0;0.0;20.0;6.0;11.600000000000001;0.0;0.0;0.0;0.0;0
2025-10-08 12:55:58,888 - INFO - 84485000;0;0;0.0;20.0;6.0;11.600000000000001;0.0;0.0;0.0;0.0;0
2025-10-08 12:55:59,889 - INFO - 85485000;0;0;0.0;21.0;6.0;11.600000000000001;0.0;0.0;0.0;0.0;0
2025-10-08 12:56:00,890 - INFO - 86485000;0;0;0.0;21.0;6.0;11.600000000000001;0.0;0.0;0.0;0.0;0
2025-10-08 12:56:01,892 - INFO - 87485000;0;0;0.0;21.0;6.0;11.600000000000001;0.0;0.0;0.0;0.0;0
2025-10-08 12:56:02,895 - INFO - 88485000;0;0;0.0;21.0;6.0;11.600000000000001;0.0;0.0;0.0;0.0;0
2025-10-08 12:56:03,896 - INFO - 89485000;0;0;0.0;20.0;6.0;11.600000000000001;0.0;0.0;0.0;0.0;0
2025-10-08 12:56:04,897 - INFO - 90485000;0;0;0.0;20.0;6.0;11.600000000000001;0.0;0.0;0.0;0.0;0
2025-10-08 12:56:05,899 - INFO - 91485000;0;0;0.0;20.0;6.0;11.600000000000001;0.0;0.0;0.0;0.0;0
2025-10-08 12:56:06,900 - INFO - 92485000;0;0;0.0;19.0;6.0;11.600000000000001;0.0;0.0;0.0;0.0;0
2025-10-08 12:56:07,902 - INFO - 93485000;0;0;0.0;21.0;6.0;11.5;0.0;0.0;0.0;0.0;0
2025-10-08 12:56:08,904 - INFO - 94485000;0;0;0.0;20.0;6.0;11.600000000000001;0.0;0.0;0.0;0.0;0
2025-10-08 12:56:09,905 - INFO - 95485000;0;0;0.0;19.0;6.0;11.600000000000001;0.0;0.0;0.0;0.0;0
2025-10-08 12:56:10,907 - INFO - 96485000;0;0;0.0;20.0;6.0;11.600000000000001;0.0;0.0;0.0;0.0;0
2025-10-08 12:56:11,909 - INFO - 97485000;0;0;0.0;21.0;6.0;11.600000000000001;0.0;0.0;0.0;0.0;0
2025-10-08 12:56:12,910 - INFO - 98485000;0;0;0.0;21.0;6.0;11.600000000000001;0.0;0.0;0.0;0.0;0
2025-10-08 12:56:13,912 - INFO - 99485000;0;0;0.0;20.0;6.0;11.600000000000001;0.0;0.0;0.0;0.0;0
2025-10-08 12:56:14,914 - INFO - 100485000;0;0;0.0;20.0;6.0;11.600000000000001;0.0;0.0;0.0;0.0;0
2025-10-08 12:56:15,915 - INFO - 101485000;0;0;0.0;20.0;6.0;11.600000000000001;0.0;0.0;0.0;0.0;0
2025-10-08 12:56:16,917 - INFO - 102485000;0;0;0.0;20.0;6.0;11.600000000000001;0.0;0.0;0.0;0.0;0
2025-10-08 12:56:17,920 - INFO - 103485000;0;0;0.0;21.0;6.0;11.600000000000001;0.0;0.0;0.0;0.0;0
2025-10-08 12:56:18,922 - INFO - 104485000;0;0;0.0;21.0;6.0;11.600000000000001;0.0;0.0;0.0;0.0;0
2025-10-08 12:56:19,923 - INFO - 105485000;0;0;0.0;20.0;6.0;11.600000000000001;0.0;0.0;0.0;0.0;0
2025-10-08 12:56:20,923 - INFO - 106485000;0;0;0.0;21.0;6.0;11.600000000000001;0.0;0.0;0.0;0.0;0
2025-10-08 12:56:21,925 - INFO - 107485000;0;0;0.0;20.0;6.0;11.600000000000001;0.0;0.0;0.0;0.0;0
2025-10-08 12:56:22,927 - INFO - 108485000;0;0;0.0;21.0;6.0;11.600000000000001;0.0;0.0;0.0;0.0;0
2025-10-08 12:56:23,930 - INFO - 109485000;0;0;0.0;20.0;6.0;11.600000000000001;0.0;0.0;0.0;0.0;0
                                                                                                                                                                                                                                                                                                                                                                                                                                                                                                                                                                                                                                                                                                                                                                                                                                                                                                                                                                                                                                                                                                                                                                                                                                                                                                                                                                                                                                                                                   